concept,doculect,counterpart,cc,inferredCC,db
good,Erzya,pɑro,2693,ura:good:2,ura
good,Ingrian,hyvæ,2692,ura:good:5,ura
good,Komi-Permyak,bur,2693,ura:good:2,ura
good,Komi-Zyrian,bur,2693,ura:good:2,ura
good,Komi-Zyrian,ʃɑɲ,2695,ura:good:1,ura
good,Nganasan,ɲɑgəː,2701,ura:good:4,ura
good,Selkup,somɑ,2699,ura:good:1,ura
good,Udmurt,umoj,2696,ura:good:1,ura
good,Udmurt,ʥeʨ,2697,ura:good:3,ura
hair,Erzya,ʧerʲ,2718,ura:hair:3,ura
hair,Erzya,ponɑ,2721,ura:hair:6,ura
hair,Ingrian,hiuz,2716,ura:hair:5,ura
hair,Ingrian,kɑrvɑ,2723,ura:hair:3,ura
hair,Komi-Permyak,jurɕi,2719,ura:hair:2,ura
hair,Komi-Permyak,gɤn,2720,ura:hair:1,ura
hair,Komi-Zyrian,ɕi,2719,ura:hair:2,ura
hair,Komi-Zyrian,gɤn,2720,ura:hair:1,ura
hair,Nganasan,ŋɑbtə,2717,ura:hair:4,ura
hair,Selkup,oːptə,2717,ura:hair:4,ura
hair,Selkup,tɑr,2722,ura:hair:3,ura
hair,Udmurt,ɕi,2719,ura:hair:2,ura
hair,Udmurt,gon,2720,ura:hair:1,ura
because,Erzya,ɕeks,2360,ura:because:11,ura
because,Erzya,ɕeks_meks,2360,ura:because:10,ura
because,Ingrian,sentæː,2,ura:because:9,ura
because,Ingrian,sem_peræst,2363,ura:because:8,ura
because,Komi-Permyak,ɕiʥ_kɯʥ,2369,ura:because:7,ura
because,Komi-Permyak,dɑ,2368,ura:because:6,ura
because,Komi-Zyrian,sɯ_pondɑ,2359,ura:because:5,ura
because,Komi-Zyrian,sɯ_vɤsnɑ,2364,ura:because:4,ura
because,Nganasan,ɲiːðə,2367,ura:because:3,ura
because,Nganasan,suəbəsɯ,2370,ura:because:2,ura
because,Udmurt,mɑlɯ_ke_ʃuono,2365,ura:because:1,ura
many,Erzya,lɑmo,2872,ura:many:5,ura
many,Ingrian,moni,2871,ura:many:6,ura
many,Komi-Permyak,unɑ,2874,ura:many:1,ura
many,Komi-Zyrian,unɑ,2874,ura:many:1,ura
many,Nganasan,ŋuŋkəgə,2879,ura:many:4,ura
many,Selkup,koʨʨə,2880,ura:many:3,ura
many,Udmurt,tros,2877,ura:many:2,ura
wife,Erzya,ɲi,3518,ura:wife:10,ura
wife,Erzya,koʑɑjkɑ,3520,ura:wife:9,ura
wife,Erzya,vɑstɑ,3522,ura:wife:8,ura
wife,Ingrian,nɑin,3517,ura:wife:7,ura
wife,Komi-Permyak,iɲ,3526,ura:wife:6,ura
wife,Komi-Zyrian,gɤtɯr,3521,ura:wife:5,ura
wife,Nganasan,bəbə_ʧərə_nɯ,3527,ura:wife:4,ura
wife,Nganasan,ɲemɯbtɯʔɯɑ,3528,ura:wife:3,ura
wife,Selkup,immɑ,3525,ura:wife:2,ura
wife,Udmurt,kɯʃno,3524,ura:wife:1,ura
husband,Erzya,mirʲdʲe,2783,ura:husband:10,ura
husband,Ingrian,meːz,2782,ura:husband:9,ura
husband,Komi-Permyak,muʒik,2791,ura:husband:8,ura
husband,Komi-Permyak,ɑjkɑ,2788,ura:husband:7,ura
husband,Komi-Permyak,ʒɤnik,2790,ura:husband:6,ura
husband,Komi-Zyrian,verɤs,2785,ura:husband:5,ura
husband,Nganasan,bəbə_ʧərə,2793,ura:husband:4,ura
husband,Nganasan,kuədʲumu,2787,ura:husband:3,ura
husband,Selkup,tipi,2789,ura:husband:2,ura
husband,Udmurt,kɑrt,2786,ura:husband:1,ura
feather,Erzya,tolgɑ,2591,ura:feather:1,ura
feather,Ingrian,sulg̊ɑ,19,ura:feather:1,ura
feather,Ingrian,høyhen,2596,ura:feather:3,ura
feather,Komi-Permyak,bordtɯv,20,ura:feather:4,ura
feather,Komi-Permyak,gɤn,2594,ura:feather:2,ura
feather,Komi-Zyrian,gɤn,2594,ura:feather:2,ura
feather,Nganasan,totə,2591,ura:feather:1,ura
feather,Selkup,tuː,2591,ura:feather:1,ura
feather,Selkup,tɑr,2595,ura:feather:1,ura
feather,Udmurt,tɯlɯ,2591,ura:feather:1,ura
big,Erzya,pokʃ,2389,ura:big:5,ura
big,Ingrian,suːr,2385,ura:big:6,ura
big,Komi-Permyak,ɯʤɯt,2388,ura:big:1,ura
big,Komi-Zyrian,ɯʤɯd,2388,ura:big:1,ura
big,Nganasan,ɑniʔə,2393,ura:big:4,ura
big,Selkup,uə̠rqə,2391,ura:big:3,ura
big,Udmurt,bɑʥʥɯm,2392,ura:big:2,ura
long,Erzya,kuvɑkɑ,2864,ura:long:5,ura
long,Ingrian,pitki,2863,ura:long:4,ura
long,Komi-Permyak,kuʑ,2865,ura:long:1,ura
long,Komi-Zyrian,kuʑ,2865,ura:long:1,ura
long,Nganasan,kuntgu,2867,ura:long:3,ura
long,Selkup,ʨumpu,2866,ura:long:2,ura
long,Udmurt,kuʑ,2865,ura:long:1,ura
bark,Erzya,kerʲ,2352,ura:bark:1,ura
bark,Erzya,sud,2354,ura:bark:1,ura
bark,Ingrian,koːri,2352,ura:bark:1,ura
bark,Komi-Permyak,kɑʨ,2356,ura:bark:1,ura
bark,Komi-Zyrian,kɯrɕ,2352,ura:bark:1,ura
bark,Nganasan,kɑsu,2356,ura:bark:1,ura
bark,Selkup,qɑːsə,2356,ura:bark:1,ura
bark,Udmurt,kur,2352,ura:bark:1,ura
bark,Udmurt,sul,2354,ura:bark:1,ura
tongue,Erzya,keʎ,51,ura:tongue:1,ura
tongue,Ingrian,keːli,51,ura:tongue:1,ura
tongue,Komi-Permyak,kɯv,51,ura:tongue:1,ura
tongue,Komi-Zyrian,kɯv,51,ura:tongue:1,ura
tongue,Nganasan,ɕiədʲə,51,ura:tongue:2,ura
tongue,Selkup,ɕeː,51,ura:tongue:2,ura
tongue,Udmurt,kɯl,51,ura:tongue:1,ura
I,Erzya,mon,2293,ura:I:1,ura
I,Ingrian,miæ,2293,ura:I:1,ura
I,Komi-Permyak,me,2293,ura:I:1,ura
I,Komi-Zyrian,me,2293,ura:I:1,ura
I,Nganasan,mənə,2293,ura:I:1,ura
I,Selkup,mɑn,2293,ura:I:1,ura
I,Udmurt,mon,2293,ura:I:1,ura
heavy,Erzya,stɑkɑ,2739,ura:heavy:6,ura
heavy,Ingrian,rɑskɑz,2736,ura:heavy:5,ura
heavy,Ingrian,rɑŋkkɑ,2744,ura:heavy:2,ura
heavy,Komi-Permyak,ɕɤkɯt,2740,ura:heavy:1,ura
heavy,Komi-Zyrian,ɕɤkɯd,2740,ura:heavy:1,ura
heavy,Nganasan,səŋkutuo,2742,ura:heavy:4,ura
heavy,Selkup,sɤʧʧəm,2743,ura:heavy:3,ura
heavy,Udmurt,ɕekɯt,2740,ura:heavy:1,ura
we,Erzya,miɲ,3499,ura:we:1,ura
we,Ingrian,møː,3499,ura:we:1,ura
we,Komi-Permyak,mi,3499,ura:we:1,ura
we,Komi-Zyrian,mi,3499,ura:we:1,ura
we,Nganasan,mɯŋ,3499,ura:we:1,ura
we,Selkup,meː,3499,ura:we:1,ura
we,Udmurt,mi,3499,ura:we:1,ura
this,Erzya,tʲe,3413,ura:this:1,ura
this,Ingrian,tæmæ,3413,ura:this:1,ura
this,Komi-Permyak,etɑ,3414,ura:this:1,ura
this,Komi-Zyrian,tɑ,3413,ura:this:1,ura
this,Komi-Zyrian,etɑjɤ,3414,ura:this:1,ura
this,Nganasan,əmə,3417,ura:this:1,ura
this,Selkup,tɑm,3413,ura:this:1,ura
this,Udmurt,tɑ,3413,ura:this:1,ura
mother,Erzya,ɑvɑ,2896,ura:mother:3,ura
mother,Ingrian,emæ,2894,ura:mother:1,ura
mother,Ingrian,mɑːmɑ,32,ura:mother:1,ura
mother,Komi-Permyak,mɑm,32,ura:mother:1,ura
mother,Komi-Zyrian,mɑm,32,ura:mother:1,ura
mother,Nganasan,ɲemɯ,2894,ura:mother:1,ura
mother,Selkup,ɤmə,2894,ura:mother:1,ura
mother,Udmurt,mumɯ,32,ura:mother:1,ura
mother,Udmurt,ɑnɑi,2897,ura:mother:2,ura
father,Erzya,tʲetʲɑ,2575,ura:father:1,ura
father,Ingrian,ætti,2582,ura:father:1,ura
father,Komi-Permyak,ɑj,2578,ura:father:2,ura
father,Komi-Zyrian,bɑtʲ,2577,ura:father:1,ura
father,Komi-Zyrian,ɑj,2578,ura:father:2,ura
father,Nganasan,dʲesɯ,2574,ura:father:1,ura
father,Selkup,ɤsə,2574,ura:father:1,ura
father,Udmurt,ɑjɯ,2578,ura:father:2,ura
father,Udmurt,bubɯ,2580,ura:father:1,ura
rope,Erzya,piks,3061,ura:rope:2,ura
rope,Ingrian,køyz,3063,ura:rope:1,ura
rope,Komi-Permyak,gez,3063,ura:rope:1,ura
rope,Komi-Zyrian,gez,3063,ura:rope:1,ura
rope,Nganasan,bɯnɯ,3068,ura:rope:4,ura
rope,Selkup,ʧeːmʧə,3065,ura:rope:3,ura
rope,Udmurt,gozɯ,3063,ura:rope:1,ura
worm,Erzya,suks,3557,ura:worm:2,ura
worm,Ingrian,mɑd̥o,3556,ura:worm:4,ura
worm,Komi-Permyak,gɑg,3563,ura:worm:5,ura
worm,Komi-Zyrian,nomɯr,3558,ura:worm:1,ura
worm,Nganasan,kəʎɕyʔə,3562,ura:worm:3,ura
worm,Selkup,ʧuk,3561,ura:worm:2,ura
worm,Udmurt,numɯr,3558,ura:worm:1,ura
tail,Erzya,pulo,3361,ura:tail:5,ura
tail,Ingrian,hænd̥æ,3358,ura:tail:4,ura
tail,Komi-Permyak,bɤʒ,3362,ura:tail:1,ura
tail,Komi-Zyrian,bɤʒ,3362,ura:tail:1,ura
tail,Nganasan,təjbu,3360,ura:tail:2,ura
tail,Selkup,tɑlʨu,3364,ura:tail:2,ura
tail,Selkup,meʨɑ,3365,ura:tail:3,ura
tail,Udmurt,bɯʒ,3362,ura:tail:1,ura
nose,Erzya,sudo,2964,ura:nose:5,ura
nose,Ingrian,nenæ,2963,ura:nose:4,ura
nose,Komi-Permyak,nɯr,2965,ura:nose:1,ura
nose,Komi-Zyrian,nɯr,2965,ura:nose:1,ura
nose,Nganasan,ŋyŋkə,2968,ura:nose:3,ura
nose,Selkup,puʨə,2967,ura:nose:2,ura
nose,Udmurt,nɯr,2965,ura:nose:1,ura
heart,Erzya,ɕedʲej,2735,ura:heart:4,ura
heart,Ingrian,syæn,2735,ura:heart:3,ura
heart,Komi-Permyak,ɕɤlɤm,2735,ura:heart:1,ura
heart,Komi-Zyrian,ɕɤlɤm,2735,ura:heart:1,ura
heart,Nganasan,səː,2735,ura:heart:2,ura
heart,Selkup,siːʨə,2735,ura:heart:2,ura
heart,Udmurt,ɕulem,2735,ura:heart:1,ura
liver,Erzya,mɑkso,2861,ura:liver:1,ura
liver,Ingrian,mɑksɑ,2861,ura:liver:1,ura
liver,Komi-Permyak,mus,2861,ura:liver:1,ura
liver,Komi-Zyrian,mus,2861,ura:liver:1,ura
liver,Nganasan,mitə,2861,ura:liver:1,ura
liver,Selkup,mɯːtə,2861,ura:liver:1,ura
liver,Udmurt,mus,2861,ura:liver:1,ura
year,Erzya,ije,3567,ura:year:2,ura
year,Ingrian,voːz,3565,ura:year:1,ura
year,Komi-Permyak,vo,3565,ura:year:1,ura
year,Komi-Permyak,god,3571,ura:year:1,ura
year,Komi-Zyrian,vo,3565,ura:year:1,ura
year,Nganasan,hyə,3570,ura:year:1,ura
year,Selkup,po,3570,ura:year:1,ura
year,Udmurt,ɑr,3568,ura:year:1,ura
"earth, soil",Erzya,modɑ,13,"ura:earth, soil:1",ura
"earth, soil",Ingrian,mɑː,13,"ura:earth, soil:1",ura
"earth, soil",Komi-Permyak,mu,13,"ura:earth, soil:1",ura
"earth, soil",Komi-Zyrian,mu,13,"ura:earth, soil:1",ura
"earth, soil",Nganasan,mou,13,"ura:earth, soil:1",ura
"earth, soil",Selkup,ʧuə̠ʧʧə,2543,"ura:earth, soil:2",ura
"earth, soil",Udmurt,mu,13,"ura:earth, soil:1",ura
dirty,Erzya,kɑrgoʨ,2494,ura:dirty:2,ura
dirty,Erzya,rudɑzov,2495,ura:dirty:4,ura
dirty,Ingrian,reug̊ɑz,2491,ura:dirty:4,ura
dirty,Ingrian,mustɑ,2493,ura:dirty:5,ura
dirty,Komi-Permyak,ɲɑtʲɤɕ,2498,ura:dirty:3,ura
dirty,Komi-Zyrian,ɕɤd,2497,ura:dirty:1,ura
dirty,Komi-Zyrian,ɲɑtʲ,2498,ura:dirty:3,ura
dirty,Nganasan,ɲegɯku,2504,ura:dirty:7,ura
dirty,Selkup,ʧɑm,2501,ura:dirty:6,ura
dirty,Udmurt,kɯrɕ,2492,ura:dirty:2,ura
dirty,Udmurt,ɕɤd,2497,ura:dirty:1,ura
new,Erzya,od,33,ura:new:2,ura
new,Ingrian,uːz,33,ura:new:2,ura
new,Komi-Permyak,viʎ,2955,ura:new:1,ura
new,Komi-Zyrian,vɯʎ,2955,ura:new:1,ura
new,Nganasan,meɲdʲɑdʲe,2958,ura:new:4,ura
new,Selkup,ɕentə,2959,ura:new:3,ura
new,Udmurt,vɯʎ,2955,ura:new:1,ura
warm,Erzya,ʎembe,3479,ura:warm:2,ura
warm,Ingrian,vɑri,3487,ura:warm:7,ura
warm,Ingrian,soːjɑ,3480,ura:warm:3,ura
warm,Ingrian,læmmæː,3479,ura:warm:2,ura
warm,Komi-Permyak,ʃonɯt,3482,ura:warm:1,ura
warm,Komi-Zyrian,ʃonɯd,3482,ura:warm:1,ura
warm,Nganasan,ɲyɲɑ,3485,ura:warm:6,ura
warm,Nganasan,hekusɯ,3489,ura:warm:5,ura
warm,Selkup,pyː,3481,ura:warm:4,ura
warm,Udmurt,ʃunɯt,3482,ura:warm:1,ura
night,Erzya,ve,2960,ura:night:1,ura
night,Ingrian,øː,2960,ura:night:1,ura
night,Komi-Permyak,oj,2960,ura:night:1,ura
night,Komi-Zyrian,voj,2960,ura:night:1,ura
night,Nganasan,hiː,2962,ura:night:1,ura
night,Selkup,pi,2962,ura:night:1,ura
night,Udmurt,uj,2960,ura:night:1,ura
smooth,Erzya,vɑlɑɲɑ,3226,ura:smooth:1,ura
smooth,Ingrian,lɑkˑiɑ,3234,ura:smooth:4,ura
smooth,Ingrian,silˑiːæ,3225,ura:smooth:3,ura
smooth,Komi-Permyak,voʎkɯt,3226,ura:smooth:1,ura
smooth,Komi-Zyrian,voʎɯd,3226,ura:smooth:1,ura
smooth,Komi-Zyrian,ʃɯʎɯd,3229,ura:smooth:1,ura
smooth,Selkup,lepɑ,3232,ura:smooth:2,ura
smooth,Udmurt,voʎɯt,3226,ura:smooth:1,ura
not,Erzya,ɑ,2969,ura:not:1,ura
not,Ingrian,ei,2969,ura:not:1,ura
not,Komi-Permyak,ɑbu,2969,ura:not:1,ura
not,Komi-Permyak,ɲe,35,ura:not:1,ura
not,Komi-Zyrian,oz,2969,ura:not:1,ura
not,Nganasan,ɲisɯ,35,ura:not:1,ura
not,Selkup,ɑɕɑ,2969,ura:not:1,ura
not,Udmurt,uz,2969,ura:not:1,ura
some,Erzya,konɑ#butʲi,3247,ura:some:10,ura
some,Erzya,meʑe#butʲi,3248,ura:some:9,ura
some,Erzya,tɑ#kodɑmo,3251,ura:some:8,ura
some,Ingrian,mig̊æ,3248,ura:some:7,ura
some,Ingrian,jog̊u,3250,ura:some:11,ura
some,Komi-Permyak,kinkɤ,3249,ura:some:1,ura
some,Komi-Zyrian,kuʧɤm#kɤ,3247,ura:some:6,ura
some,Nganasan,kurədʲikyə,3254,ura:some:5,ura
some,Nganasan,mɑːgyə,3248,ura:some:4,ura
some,Selkup,qɑj_kos,3247,ura:some:3,ura
some,Udmurt,kudiz_ke,3247,ura:some:2,ura
some,Udmurt,kin_ke,3249,ura:some:1,ura
wide,Erzya,keʎej,3512,ura:wide:5,ura
wide,Ingrian,levˑiːæ,3509,ura:wide:4,ura
wide,Komi-Permyak,pɑɕkɯt,3513,ura:wide:1,ura
wide,Komi-Zyrian,pɑɕkɯd,3513,ura:wide:1,ura
wide,Komi-Zyrian,otɑ,3514,ura:wide:3,ura
wide,Nganasan,tɑntəgəː,3516,ura:wide:2,ura
wide,Selkup,ʧɑːnʧə,3516,ura:wide:2,ura
wide,Udmurt,pɑɕkɯt,3513,ura:wide:1,ura
thick,Erzya,eʧke,3384,ura:thick:4,ura
thick,Ingrian,pɑksu,3381,ura:thick:5,ura
thick,Komi-Permyak,kɯz,3383,ura:thick:1,ura
thick,Komi-Zyrian,kɯz,3383,ura:thick:1,ura
thick,Selkup,ɲɑŋtu,3389,ura:thick:3,ura
thick,Udmurt,zɤk,3388,ura:thick:2,ura
ear,Erzya,piʎe,2539,ura:ear:1,ura
ear,Ingrian,korvɑ,2538,ura:ear:2,ura
ear,Komi-Permyak,peʎ,2539,ura:ear:1,ura
ear,Komi-Zyrian,peʎ,2539,ura:ear:1,ura
ear,Nganasan,kou,2540,ura:ear:2,ura
ear,Selkup,qoː,2540,ura:ear:2,ura
ear,Udmurt,peʎ,2539,ura:ear:1,ura
eye,Erzya,ɕeʎme,2554,ura:eye:2,ura
eye,Ingrian,silmæ,2554,ura:eye:2,ura
eye,Komi-Permyak,ɕin,2554,ura:eye:1,ura
eye,Komi-Zyrian,ɕin,2554,ura:eye:1,ura
eye,Nganasan,ɕejmɯ,2554,ura:eye:2,ura
eye,Selkup,sɑji,2554,ura:eye:3,ura
eye,Udmurt,ɕin,2554,ura:eye:1,ura
belly,Erzya,peke,3,ura:belly:1,ura
belly,Ingrian,vɑtsɑ,2371,ura:belly:6,ura
belly,Komi-Permyak,kɯnɤm,2384,ura:belly:5,ura
belly,Komi-Zyrian,ruʃ#ku,2377,ura:belly:4,ura
belly,Nganasan,ʧɑjbə,2374,ura:belly:3,ura
belly,Selkup,perkə,3,ura:belly:1,ura
belly,Udmurt,kɤt,2372,ura:belly:2,ura
head,Erzya,prʲɑ,2728,ura:head:2,ura
head,Ingrian,pæː,2726,ura:head:2,ura
head,Komi-Permyak,jur,2729,ura:head:1,ura
head,Komi-Zyrian,jur,2729,ura:head:1,ura
head,Nganasan,ŋojbu,2727,ura:head:4,ura
head,Selkup,olə,2731,ura:head:3,ura
head,Udmurt,jɯr,2729,ura:head:1,ura
wing,Erzya,ɕolmo,3531,ura:wing:4,ura
wing,Ingrian,siːb̥i,3529,ura:wing:3,ura
wing,Komi-Permyak,bord,3533,ura:wing:1,ura
wing,Komi-Zyrian,bord,3533,ura:wing:1,ura
wing,Nganasan,ʧuo,3530,ura:wing:2,ura
wing,Selkup,kuːtə,3536,ura:wing:2,ura
wing,Udmurt,burd,3533,ura:wing:1,ura
sing,Erzya,morɑms,3167,ura:sing:5,ura
sing,Ingrian,lɑulɑː,3166,ura:sing:6,ura
sing,Komi-Permyak,ɕɯvnɯ,3168,ura:sing:1,ura
sing,Komi-Zyrian,ɕɯvnɯ,3168,ura:sing:1,ura
sing,Nganasan,kəjŋiʔɕɑ,3173,ura:sing:4,ura
sing,Selkup,koʎməʧʧə,3172,ura:sing:3,ura
sing,Udmurt,kɯrʥɑnɯ,3169,ura:sing:2,ura
narrow,Erzya,tʲejiɲe,2924,ura:narrow:9,ura
narrow,Ingrian,kɑid̥ɑ,2922,ura:narrow:8,ura
narrow,Komi-Permyak,ʥeskɯt,2932,ura:narrow:7,ura
narrow,Komi-Zyrian,vekɲi,2926,ura:narrow:6,ura
narrow,Komi-Zyrian,ottɤm,2927,ura:narrow:5,ura
narrow,Nganasan,ɕikyə,2934,ura:narrow:4,ura
narrow,Nganasan,ɲeu,2933,ura:narrow:3,ura
narrow,Selkup,ʨuə̠sə,2930,ura:narrow:2,ura
narrow,Udmurt,ɕubeg,2931,ura:narrow:1,ura
salt,Erzya,sɑl,3102,ura:salt:1,ura
salt,Ingrian,soːlɑ,3102,ura:salt:1,ura
salt,Komi-Permyak,sov,3102,ura:salt:1,ura
salt,Komi-Zyrian,sov,3102,ura:salt:1,ura
salt,Nganasan,sɯr,3102,ura:salt:1,ura
salt,Selkup,ɕɑːq,3101,ura:salt:1,ura
salt,Udmurt,sɯlɑl,3102,ura:salt:1,ura
hand,Erzya,kedʲ,2724,ura:hand:1,ura
hand,Ingrian,kæzi,2724,ura:hand:1,ura
hand,Komi-Permyak,ki,2724,ura:hand:1,ura
hand,Komi-Zyrian,ki,2724,ura:hand:1,ura
hand,Nganasan,dʲyty,2725,ura:hand:2,ura
hand,Selkup,utə,2725,ura:hand:2,ura
hand,Udmurt,ki,2724,ura:hand:1,ura
vomit,Erzya,uksnoms,3464,ura:vomit:4,ura
vomit,Ingrian,oksend̥ɑissɑ,3464,ura:vomit:5,ura
vomit,Komi-Permyak,ɤsɤtnɯ,3464,ura:vomit:1,ura
vomit,Komi-Zyrian,vosnɯ,3464,ura:vomit:1,ura
vomit,Komi-Zyrian,gorʥɯnɯ,3465,ura:vomit:3,ura
vomit,Selkup,ttə,3467,ura:vomit:2,ura
vomit,Udmurt,ɤskɯnɯ,3464,ura:vomit:1,ura
fall,Erzya,prɑms,2556,ura:fall:6,ura
fall,Ingrian,tokkuɑ,2563,ura:fall:2,ura
fall,Komi-Permyak,uɕnɯ,2558,ura:fall:1,ura
fall,Komi-Zyrian,uɕnɯ,2558,ura:fall:1,ura
fall,Nganasan,ʧəlhdʲi,2561,ura:fall:5,ura
fall,Nganasan,sohədʲɑ,2564,ura:fall:4,ura
fall,Selkup,ɑːlʨə,2562,ura:fall:3,ura
fall,Udmurt,uɕɯnɯ,2558,ura:fall:1,ura
cold,Erzya,keʎme,2448,ura:cold:2,ura
cold,Ingrian,kylmæ,2448,ura:cold:2,ura
cold,Ingrian,kuːmɑ,2455,ura:cold:5,ura
cold,Komi-Permyak,kɤʥɯt,2450,ura:cold:1,ura
cold,Komi-Zyrian,kɤʥɯd,2450,ura:cold:1,ura
cold,Nganasan,ʧəɕiɕi,2453,ura:cold:4,ura
cold,Selkup,tɑɕɕu,2453,ura:cold:3,ura
cold,Udmurt,keʑɯt,2450,ura:cold:1,ura
leg,Erzya,piʎge,2843,ura:leg:2,ura
leg,Ingrian,jɑlg̊ɑ,2842,ura:leg:2,ura
leg,Komi-Permyak,kok,2844,ura:leg:1,ura
leg,Komi-Zyrian,kok,2844,ura:leg:1,ura
leg,Nganasan,ŋoj,2847,ura:leg:4,ura
leg,Selkup,topə,2848,ura:leg:3,ura
leg,Udmurt,kuk,2844,ura:leg:1,ura
leg,Udmurt,pɯd,2849,ura:leg:2,ura
foot,Erzya,piʎge,2666,ura:foot:2,ura
foot,Ingrian,jɑlg̊ɑ,2665,ura:foot:2,ura
foot,Komi-Permyak,kok,2667,ura:foot:1,ura
foot,Komi-Zyrian,kok,2667,ura:foot:1,ura
foot,Nganasan,ŋoj,2671,ura:foot:4,ura
foot,Selkup,topə,2672,ura:foot:3,ura
foot,Udmurt,kuk,2667,ura:foot:1,ura
foot,Udmurt,pɯd,2668,ura:foot:2,ura
moon,Erzya,kov,2889,ura:moon:2,ura
moon,Ingrian,kuː,2889,ura:moon:2,ura
moon,Komi-Permyak,tɤliɕ,2890,ura:moon:1,ura
moon,Komi-Zyrian,tɤlɯɕ,2890,ura:moon:1,ura
moon,Nganasan,kiʧəðəː,2889,ura:moon:4,ura
moon,Selkup,iræ,2893,ura:moon:3,ura
moon,Udmurt,toleʑ,2890,ura:moon:1,ura
neck,Erzya,kirʲgɑ,2949,ura:neck:2,ura
neck,Ingrian,kɑg̊lɑ,2947,ura:neck:1,ura
neck,Komi-Permyak,goʎɑ,2951,ura:neck:1,ura
neck,Komi-Zyrian,ɕilɯ,2948,ura:neck:6,ura
neck,Komi-Zyrian,goʎɑ,2951,ura:neck:1,ura
neck,Nganasan,bɑkəðə,2952,ura:neck:5,ura
neck,Selkup,soːʎ,2953,ura:neck:4,ura
neck,Udmurt,ʨɯrtɯ,2950,ura:neck:3,ura
white,Erzya,ɑʃo,3508,ura:white:5,ura
white,Ingrian,vɑlkiɑ,3500,ura:white:4,ura
white,Komi-Permyak,ʨoʨkom,3507,ura:white:3,ura
white,Komi-Zyrian,jeʤɯd,3501,ura:white:6,ura
white,Nganasan,sɯr,3506,ura:white:1,ura
white,Selkup,sɤrə,3506,ura:white:1,ura
white,Udmurt,tɤdʲɯ,3502,ura:white:2,ura
eat,Erzya,sevems,14,ura:eat:2,ura
eat,Erzya,jɑrsɑms,2545,ura:eat:5,ura
eat,Ingrian,søːvˑæ,14,ura:eat:2,ura
eat,Komi-Permyak,ɕojnɯ,2544,ura:eat:1,ura
eat,Komi-Zyrian,ɕojnɯ,2544,ura:eat:1,ura
eat,Nganasan,ŋəmsɑ,15,ura:eat:4,ura
eat,Selkup,ɑm,2547,ura:eat:3,ura
eat,Udmurt,ɕiɯnɯ,2544,ura:eat:1,ura
sun,Erzya,ʧi,3336,ura:sun:5,ura
sun,Ingrian,pæivyd̥,3335,ura:sun:4,ura
sun,Komi-Permyak,ʃondi,3337,ura:sun:1,ura
sun,Komi-Zyrian,ʃondi,3337,ura:sun:1,ura
sun,Nganasan,kou,3338,ura:sun:3,ura
sun,Selkup,ʨeːlə,3340,ura:sun:2,ura
sun,Udmurt,ʃundɯ,3337,ura:sun:1,ura
laugh,Erzya,pejdʲems,2828,ura:laugh:6,ura
laugh,Erzya,rɑkɑms,2834,ura:laugh:5,ura
laugh,Ingrian,nɑgrɑː,2827,ura:laugh:2,ura
laugh,Komi-Permyak,serɑvnɯ,2830,ura:laugh:1,ura
laugh,Komi-Zyrian,ɕerɑvnɯ,2830,ura:laugh:1,ura
laugh,Nganasan,hidʲiɕi,30,ura:laugh:4,ura
laugh,Selkup,pisəj,2833,ura:laugh:3,ura
laugh,Udmurt,ɕerekjɑnɯ,2830,ura:laugh:1,ura
here,Erzya,tʲese,2745,ura:here:5,ura
here,Ingrian,siːn,2746,ura:here:2,ura
here,Komi-Permyak,tɑtɤn,2745,ura:here:1,ura
here,Komi-Permyak,estɤn,2747,ura:here:1,ura
here,Komi-Zyrian,tɑn,2745,ura:here:1,ura
here,Komi-Zyrian,etɑn,2747,ura:here:1,ura
here,Nganasan,əmnɯ,2749,ura:here:4,ura
here,Nganasan,miʔiɑ,2750,ura:here:3,ura
here,Selkup,tintə,2745,ura:here:1,ura
here,Udmurt,tɑtɯn,2745,ura:here:1,ura
knee,Erzya,kumɑʒɑ,27,ura:knee:4,ura
knee,Ingrian,polvi,2810,ura:knee:2,ura
knee,Komi-Permyak,piʥɤs,2811,ura:knee:1,ura
knee,Komi-Zyrian,piʥɤs,2811,ura:knee:1,ura
knee,Nganasan,həɑgɑj,28,ura:knee:3,ura
knee,Selkup,puːlə,2810,ura:knee:1,ura
knee,Udmurt,pɯdʲes,2811,ura:knee:1,ura
tooth,Erzya,pej,3448,ura:tooth:1,ura
tooth,Ingrian,hɑmmɑz,3447,ura:tooth:3,ura
tooth,Komi-Permyak,piɲ,3448,ura:tooth:1,ura
tooth,Komi-Zyrian,piɲ,3448,ura:tooth:1,ura
tooth,Nganasan,ʧimi,3449,ura:tooth:2,ura
tooth,Selkup,timə,3449,ura:tooth:2,ura
tooth,Udmurt,piɲ,3448,ura:tooth:1,ura
louse,Erzya,eʎi,2869,ura:louse:3,ura
louse,Ingrian,tæi,2868,ura:louse:1,ura
louse,Komi-Permyak,toj,2868,ura:louse:1,ura
louse,Komi-Zyrian,toj,2868,ura:louse:1,ura
louse,Selkup,unʧu,2870,ura:louse:2,ura
louse,Udmurt,tej,2868,ura:louse:1,ura
horn,Erzya,ɕuro,2770,ura:horn:1,ura
horn,Ingrian,sɑrvi,2770,ura:horn:1,ura
horn,Komi-Permyak,ɕur,2770,ura:horn:1,ura
horn,Komi-Zyrian,ɕur,2770,ura:horn:1,ura
horn,Nganasan,ŋɑmtə,2771,ura:horn:2,ura
horn,Selkup,ɑːmtə,2771,ura:horn:2,ura
horn,Udmurt,ɕur,2770,ura:horn:1,ura
bone,Erzya,lovɑʒɑ,2418,ura:bone:4,ura
bone,Erzya,pɑkɑrʲ,2419,ura:bone:2,ura
bone,Ingrian,luː,2418,ura:bone:1,ura
bone,Komi-Permyak,lɯ,2418,ura:bone:1,ura
bone,Komi-Permyak,koskɑ,2420,ura:bone:3,ura
bone,Komi-Zyrian,lɯ,2418,ura:bone:1,ura
bone,Nganasan,lɑtəː,2418,ura:bone:1,ura
bone,Selkup,lɯː,2418,ura:bone:1,ura
bone,Udmurt,lɯ,2418,ura:bone:1,ura
round,Erzya,krugloj,3082,ura:round:10,ura
round,Erzya,keverʲ,3077,ura:round:9,ura
round,Ingrian,ymb̥ærg̊æin,3070,ura:round:8,ura
round,Ingrian,pøːriæ,3069,ura:round:11,ura
round,Komi-Permyak,gɤgrɤsɑ,3072,ura:round:1,ura
round,Komi-Zyrian,gɤgrɤs,3072,ura:round:1,ura
round,Nganasan,lɑlujkuə,42,ura:round:7,ura
round,Nganasan,mɑndɑjku,3083,ura:round:6,ura
round,Selkup,pyrəʎ,3076,ura:round:5,ura
round,Selkup,koʎɑʎ,3081,ura:round:4,ura
round,Udmurt,kotɯres,41,ura:round:3,ura
round,Udmurt,pitɯres,41,ura:round:2,ura
dull,Erzya,noʃkɑ,2520,ura:dull:4,ura
dull,Ingrian,nyrhi,2520,ura:dull:5,ura
dull,Komi-Zyrian,nɯʒ,2520,ura:dull:1,ura
dull,Nganasan,tɯɑməː,2526,ura:dull:3,ura
dull,Selkup,qɑmələʎ,2524,ura:dull:2,ura
dull,Udmurt,nɯʒ,2520,ura:dull:1,ura
dry,Erzya,koɕke,2516,ura:dry:1,ura
dry,Ingrian,kuivɑ,2514,ura:dry:3,ura
dry,Komi-Permyak,kɤs,2516,ura:dry:1,ura
dry,Komi-Zyrian,kos,2516,ura:dry:1,ura
dry,Nganasan,koɕyə,2516,ura:dry:1,ura
dry,Selkup,ʧɤkə,2519,ura:dry:2,ura
dry,Udmurt,kɤs,2516,ura:dry:1,ura
drink,Erzya,ɕimems,2511,ura:drink:5,ura
drink,Ingrian,joːvvɑ,2510,ura:drink:4,ura
drink,Komi-Permyak,junɯ,2510,ura:drink:1,ura
drink,Komi-Zyrian,junɯ,2510,ura:drink:1,ura
drink,Nganasan,bɯtɯdʲi,2512,ura:drink:3,ura
drink,Selkup,ytə,2512,ura:drink:2,ura
drink,Udmurt,juɯnɯ,2510,ura:drink:1,ura
breast,Erzya,meʃtʲe,2422,ura:breast:7,ura
breast,Erzya,potʲe,2428,ura:breast:6,ura
breast,Ingrian,rind̥ɑ,2421,ura:breast:2,ura
breast,Komi-Permyak,moros,2424,ura:breast:1,ura
breast,Komi-Zyrian,morɤs,2424,ura:breast:1,ura
breast,Nganasan,ɕinɕə,2429,ura:breast:5,ura
breast,Selkup,kɯːlə,2427,ura:breast:4,ura
breast,Udmurt,gɑdʲ,2425,ura:breast:3,ura
straight,Erzya,vidʲe,3320,ura:straight:7,ura
straight,Ingrian,soːrɑ,3319,ura:straight:6,ura
straight,Ingrian,oikiɑ,48,ura:straight:2,ura
straight,Komi-Permyak,veɕkɯd,3322,ura:straight:1,ura
straight,Komi-Zyrian,veɕkɯd,3322,ura:straight:1,ura
straight,Nganasan,nəməgəː,3329,ura:straight:5,ura
straight,Selkup,tɑːt,3327,ura:straight:4,ura
straight,Udmurt,ʃoɲer,3323,ura:straight:3,ura
name,Erzya,ʎem,2921,ura:name:1,ura
name,Ingrian,nimi,2921,ura:name:1,ura
name,Komi-Permyak,ɲim,2921,ura:name:1,ura
name,Komi-Zyrian,ɲim,2921,ura:name:1,ura
name,Nganasan,ɲim,2921,ura:name:1,ura
name,Selkup,nim,2921,ura:name:1,ura
name,Udmurt,ɲim,2921,ura:name:1,ura
far,Erzya,vɑsolo,2566,ura:far:4,ura
far,Ingrian,ettæːl,2565,ura:far:3,ura
far,Komi-Permyak,ɯlɯn,2569,ura:far:2,ura
far,Komi-Zyrian,ɯlɯn,2569,ura:far:2,ura
far,Nganasan,kuntəgunu,2570,ura:far:1,ura
far,Selkup,kuntɑk,2570,ura:far:1,ura
far,Udmurt,kɯdʲokɯn,2570,ura:far:1,ura
breathe,Erzya,ʎekɕems,2432,ura:breathe:7,ura
breathe,Ingrian,heŋg̊ittæː,2430,ura:breathe:2,ura
breathe,Komi-Permyak,lolɑvnɯ,2434,ura:breathe:1,ura
breathe,Komi-Zyrian,lolɑvnɯ,2434,ura:breathe:1,ura
breathe,Nganasan,bɑʧədʲɑ,2431,ura:breathe:6,ura
breathe,Selkup,kuə̠j,6,ura:breathe:5,ura
breathe,Udmurt,ʃokɑnɯ,2435,ura:breathe:4,ura
breathe,Udmurt,lulʥɯnɯ,2434,ura:breathe:3,ura
hear,Erzya,kuʎems,2732,ura:hear:1,ura
hear,Erzya,mɑrʲɑms,2734,ura:hear:4,ura
hear,Ingrian,kuːllɑ,2732,ura:hear:1,ura
hear,Komi-Permyak,kɯvnɯ,2732,ura:hear:1,ura
hear,Komi-Zyrian,kɯvnɯ,2732,ura:hear:1,ura
hear,Nganasan,dʲindiɕi,2733,ura:hear:2,ura
hear,Selkup,yntə,26,ura:hear:3,ura
hear,Udmurt,kɯlɯnɯ,2732,ura:hear:1,ura
see,Erzya,ɲejems,3130,ura:see:7,ura
see,Ingrian,næhhæ,3130,ura:see:2,ura
see,Komi-Permyak,ɑʥʥɯnɯ,3132,ura:see:1,ura
see,Komi-Permyak,viʥɤtnɯ,3135,ura:see:6,ura
see,Komi-Zyrian,ɑʥʥɯnɯ,3132,ura:see:1,ura
see,Nganasan,ŋəðyɕɑ,3136,ura:see:5,ura
see,Nganasan,ɕejmɯʔsɯ,3137,ura:see:4,ura
see,Selkup,mɑnʧə,3134,ura:see:3,ura
see,Udmurt,ɑʥʥɯnɯ,3132,ura:see:1,ura
know,Erzya,sodɑms,2815,ura:know:4,ura
know,Ingrian,tiːtæː,2813,ura:know:5,ura
know,Komi-Permyak,tɤdnɯ,2814,ura:know:1,ura
know,Komi-Zyrian,tɤdnɯ,2814,ura:know:1,ura
know,Komi-Zyrian,kuʒnɯ,2817,ura:know:1,ura
know,Nganasan,ʧənɯdʲi,2820,ura:know:3,ura
know,Selkup,tenəmə,2820,ura:know:2,ura
know,Udmurt,todɯnɯ,2814,ura:know:1,ura
play,Erzya,nɑlkɕems,2994,ura:play:7,ura
play,Ingrian,pelɑd̥ɑ,3001,ura:play:6,ura
play,Ingrian,tiukkɑː,3000,ura:play:2,ura
play,Komi-Permyak,orsnɯ,2996,ura:play:1,ura
play,Komi-Zyrian,vorsnɯ,2996,ura:play:1,ura
play,Nganasan,sɑnirɕɑ,2999,ura:play:5,ura
play,Selkup,sɑːntər,2999,ura:play:4,ura
play,Udmurt,ʃudɯnɯ,2997,ura:play:3,ura
squeeze,Erzya,ʎepʃtʲɑms,3281,ura:squeeze:12,ura
squeeze,Erzya,ʧemerʲdʲems,3282,ura:squeeze:11,ura
squeeze,Erzya,ɕuvordɑms,3283,ura:squeeze:10,ura
squeeze,Ingrian,ɑhistɑː,3279,ura:squeeze:9,ura
squeeze,Ingrian,puristɑː,3276,ura:squeeze:8,ura
squeeze,Ingrian,pig̊istæː,3277,ura:squeeze:7,ura
squeeze,Komi-Permyak,ʒmitnɯ,3287,ura:squeeze:2,ura
squeeze,Komi-Zyrian,nɯrnɯ,45,ura:squeeze:1,ura
squeeze,Komi-Zyrian,ʎiʨkɯnɯ,3286,ura:squeeze:6,ura
squeeze,Nganasan,mebkiɕi,3274,ura:squeeze:5,ura
squeeze,Selkup,ɯp,3275,ura:squeeze:4,ura
squeeze,Udmurt,ɲurɑnɯ,45,ura:squeeze:1,ura
squeeze,Udmurt,pɑʨkɑtɯnɯ,3289,ura:squeeze:3,ura
sit,Erzya,ɑʃtʲems_ozɑdo,3174,ura:sit:5,ura
sit,Ingrian,istuɑ,3174,ura:sit:4,ura
sit,Komi-Permyak,pukɑvnɯ,3176,ura:sit:1,ura
sit,Komi-Zyrian,pukɑvnɯ,3176,ura:sit:1,ura
sit,Nganasan,ŋomtyɕɑ,3177,ura:sit:3,ura
sit,Selkup,ɑːmti,3177,ura:sit:2,ura
sit,Udmurt,pukɯnɯ,3176,ura:sit:1,ura
kill,Erzya,mɑʃtoms,2804,ura:kill:7,ura
kill,Erzya,ʧɑvoms,2805,ura:kill:6,ura
kill,Ingrian,surmɑd̥ɑ,2809,ura:kill:2,ura
kill,Komi-Permyak,vijnɯ,2808,ura:kill:1,ura
kill,Komi-Zyrian,kulɤdnɯ,2807,ura:kill:5,ura
kill,Komi-Zyrian,vijnɯ,2808,ura:kill:1,ura
kill,Nganasan,kotudʲɑ,2807,ura:kill:4,ura
kill,Selkup,quə̠t,2807,ura:kill:3,ura
kill,Udmurt,viɯnɯ,2808,ura:kill:1,ura
dig,Erzya,ʧuvoms,10,ura:dig:7,ura
dig,Erzya,ʧupoɲems,10,ura:dig:6,ura
dig,Ingrian,kɑivɑː,2479,ura:dig:2,ura
dig,Komi-Permyak,gɑrjɯnɯ,2489,ura:dig:1,ura
dig,Komi-Zyrian,godnɯ,2483,ura:dig:1,ura
dig,Nganasan,ɕirkədʲi,2490,ura:dig:5,ura
dig,Selkup,tilə,2488,ura:dig:4,ura
dig,Udmurt,kopɑnɯ,2484,ura:dig:3,ura
dig,Udmurt,gudɯnɯ,2483,ura:dig:1,ura
fear,Erzya,peʎems,18,ura:fear:7,ura
fear,Ingrian,pølæd̥æ,18,ura:fear:6,ura
fear,Ingrian,hervid̥æ,2590,ura:fear:8,ura
fear,Komi-Permyak,povnɯ,2583,ura:fear:1,ura
fear,Komi-Zyrian,povnɯ,2583,ura:fear:1,ura
fear,Nganasan,hɯlɯmsɯ,17,ura:fear:5,ura
fear,Selkup,enə,2589,ura:fear:4,ura
fear,Udmurt,kɯʃkɑnɯ,16,ura:fear:3,ura
fear,Udmurt,kurdɑnɯ,16,ura:fear:2,ura
count,Erzya,lovoms,8,ura:count:5,ura
count,Ingrian,lɑskiɑ,2462,ura:count:4,ura
count,Komi-Permyak,lɯdʲdʲɯnɯ,2463,ura:count:1,ura
count,Komi-Zyrian,lɯdʲdʲɯnɯ,2463,ura:count:1,ura
count,Nganasan,tuəbtusɑ,2464,ura:count:3,ura
count,Selkup,toːr,9,ura:count:2,ura
count,Udmurt,lɯʥʥɯnɯ,2463,ura:count:1,ura
suck,Erzya,potʲɑms,3331,ura:suck:4,ura
suck,Ingrian,imˑiːæ,3330,ura:suck:2,ura
suck,Komi-Permyak,ɲimɑvnɯ,3330,ura:suck:1,ura
suck,Komi-Zyrian,ɲoɲɑvnɯ,3333,ura:suck:1,ura
suck,Selkup,ɲim,3330,ura:suck:3,ura
suck,Udmurt,nonɯnɯ,3333,ura:suck:1,ura
fight,Erzya,turʲems,2598,ura:fight:6,ura
fight,Komi-Permyak,tɯʃkɑɕnɯ,2601,ura:fight:1,ura
fight,Komi-Zyrian,koɕɑɕnɯ,2601,ura:fight:1,ura
fight,Komi-Zyrian,tɯʃkɑɕnɯ,2601,ura:fight:1,ura
fight,Nganasan,torɑsɑ,2598,ura:fight:5,ura
fight,Nganasan,kəməuʔtəsɑ,2607,ura:fight:4,ura
fight,Selkup,quə̠tu,2605,ura:fight:3,ura
fight,Udmurt,ʒugiɕkɯnɯ,2602,ura:fight:2,ura
yellow,Erzya,oʒo,3574,ura:yellow:5,ura
yellow,Ingrian,keltɑin,3572,ura:yellow:6,ura
yellow,Komi-Permyak,veʒ,3573,ura:yellow:1,ura
yellow,Komi-Zyrian,viʒ,3573,ura:yellow:1,ura
yellow,Nganasan,todʲɑkuə,3579,ura:yellow:4,ura
yellow,Selkup,pɑtəʎ,3580,ura:yellow:3,ura
yellow,Udmurt,ʧuʒ,3576,ura:yellow:2,ura
green,Erzya,piʒe,2710,ura:green:7,ura
green,Ingrian,rohˑoin,2709,ura:green:6,ura
green,Komi-Permyak,zeʎonɤj,2714,ura:green:2,ura
green,Komi-Zyrian,veʒ,2708,ura:green:1,ura
green,Nganasan,ɲotərəku,2715,ura:green:5,ura
green,Nganasan,ŋindiɑʔsɯə,25,ura:green:4,ura
green,Selkup,noræʎ,2713,ura:green:3,ura
green,Udmurt,voʒ,2708,ura:green:1,ura
full,Erzya,peʃkɕe,2682,ura:full:5,ura
full,Ingrian,tæyz,2681,ura:full:2,ura
full,Komi-Permyak,tɯr,2684,ura:full:1,ura
full,Komi-Zyrian,tɯr,2684,ura:full:1,ura
full,Nganasan,dʲulsɯə,2685,ura:full:4,ura
full,Nganasan,myntyɕɑ,2686,ura:full:3,ura
full,Selkup,tiːrəʎ,2684,ura:full:1,ura
full,Udmurt,tɯr,2684,ura:full:1,ura
star,Erzya,tʲeʃtʲe,3310,ura:star:2,ura
star,Ingrian,tæhti,3310,ura:star:2,ura
star,Komi-Permyak,kɤʥɯv,3312,ura:star:1,ura
star,Komi-Zyrian,koʥuv,3312,ura:star:1,ura
star,Nganasan,hotədʲiə,3314,ura:star:5,ura
star,Selkup,qɯɕəŋqɑ,3312,ura:star:4,ura
star,Udmurt,kiʑiʎi,3312,ura:star:3,ura
freeze,Erzya,tɑrʲkstɑms,2680,ura:freeze:7,ura
freeze,Erzya,ejendɑms,2675,ura:freeze:6,ura
freeze,Erzya,keʎems,2676,ura:freeze:5,ura
freeze,Ingrian,jæːttyæ,24,ura:freeze:2,ura
freeze,Komi-Permyak,kɯnmɯnɯ,2676,ura:freeze:1,ura
freeze,Komi-Zyrian,kɯnmɯnɯ,2676,ura:freeze:1,ura
freeze,Nganasan,kəntɯdʲi,2679,ura:freeze:4,ura
freeze,Selkup,qɑntə,2679,ura:freeze:3,ura
freeze,Udmurt,kɯnmɯnɯ,2676,ura:freeze:1,ura
cut,Erzya,nɑrɑms,2467,ura:cut:6,ura
cut,Erzya,peʧkems,2468,ura:cut:5,ura
cut,Ingrian,leig̊ɑd̥ɑ,2466,ura:cut:8,ura
cut,Ingrian,hølvæd̥æ,2475,ura:cut:7,ura
cut,Komi-Permyak,vundɑvnɯ,2470,ura:cut:1,ura
cut,Komi-Permyak,ʃɤrɯʃtnɯ,2471,ura:cut:2,ura
cut,Komi-Zyrian,vundɯnɯ,2470,ura:cut:1,ura
cut,Komi-Zyrian,ʃɯrnɯ,2471,ura:cut:2,ura
cut,Nganasan,mətudʲɑ,2473,ura:cut:4,ura
cut,Selkup,mɑʧə,2473,ura:cut:3,ura
cut,Udmurt,vɑndɯnɯ,2470,ura:cut:1,ura
cut,Udmurt,ʃorɯnɯ,2471,ura:cut:2,ura
hit,Erzya,vɑʧkodʲems,2756,ura:hit:2,ura
hit,Erzya,rʲiʃtɑms,2757,ura:hit:7,ura
hit,Ingrian,løːvvæ,2751,ura:hit:8,ura
hit,Ingrian,iskiæ,2755,ura:hit:3,ura
hit,Ingrian,lohmɑd̥ɑ,2752,ura:hit:4,ura
hit,Komi-Permyak,vɑʨkɯnɯ,2759,ura:hit:1,ura
hit,Komi-Zyrian,vɑʨkɯnɯ,2759,ura:hit:1,ura
hit,Komi-Zyrian,kuʨkɯnɯ,2760,ura:hit:1,ura
hit,Nganasan,hoɕydʲi,2754,ura:hit:5,ura
hit,Selkup,qæːttə,2768,ura:hit:6,ura
hit,Udmurt,ʒugɯnɯ,2761,ura:hit:1,ura
hit,Udmurt,ʃukkɯnɯ,2762,ura:hit:1,ura
stab,Erzya,ɕɑlgoms,3296,ura:stab:6,ura
stab,Erzya,pupɑms,3295,ura:stab:8,ura
stab,Ingrian,tørg̊æd̥æ,3294,ura:stab:5,ura
stab,Komi-Permyak,tɑʧkɑvnɯ,3304,ura:stab:2,ura
stab,Komi-Permyak,tʲukɲitnɯ,3301,ura:stab:7,ura
stab,Komi-Zyrian,suʧkɯnɯ,3298,ura:stab:2,ura
stab,Komi-Zyrian,bɯʧkɯnɯ,3299,ura:stab:1,ura
stab,Nganasan,nərudʲi,3305,ura:stab:4,ura
stab,Selkup,suə̠ŋkə,3303,ura:stab:3,ura
stab,Udmurt,bɯʃkɑltɯnɯ,3299,ura:stab:1,ura
hunt,Ingrian,jɑhti,2773,ura:hunt:2,ura
hunt,Komi-Permyak,vɤrɑvnɯ,2777,ura:hunt:1,ura
hunt,Komi-Zyrian,vɤrɑvnɯ,2777,ura:hunt:1,ura
hunt,Nganasan,bɑsudʲɑ,2781,ura:hunt:7,ura
hunt,Nganasan,kotədʲɑ,2775,ura:hunt:6,ura
hunt,Selkup,suːrəməj,2780,ura:hunt:5,ura
hunt,Udmurt,pɤjʃurɑnɯ,2774,ura:hunt:4,ura
hunt,Udmurt,ɲuleskɑnɯ,2778,ura:hunt:3,ura
split,Erzya,lɑzoms,3260,ura:split:9,ura
split,Ingrian,hɑlɑissɑ,3258,ura:split:8,ura
split,Komi-Permyak,vundɯʃtnɯ,3269,ura:split:7,ura
split,Komi-Zyrian,ʨɑʃkɤdnɯ,3262,ura:split:6,ura
split,Komi-Zyrian,potkɤdnɯ,3267,ura:split:5,ura
split,Nganasan,kɯrkɑʔsɑ,3270,ura:split:4,ura
split,Nganasan,ʧəirɕi,3271,ura:split:3,ura
split,Selkup,pɑʨɑl,3266,ura:split:2,ura
split,Udmurt,piʎɯnɯ,3263,ura:split:1,ura
swim,Erzya,ujems,3354,ura:swim:2,ura
swim,Ingrian,ujˑuːɑ,3354,ura:swim:1,ura
swim,Komi-Permyak,ujɑvnɯ,3354,ura:swim:1,ura
swim,Komi-Zyrian,ujɑvnɯ,3354,ura:swim:1,ura
swim,Komi-Zyrian,vɑrtʲʨɯnɯ,3355,ura:swim:5,ura
swim,Nganasan,hoðɯrsɯ,3357,ura:swim:4,ura
swim,Selkup,uː,3354,ura:swim:3,ura
swim,Udmurt,ujɑnɯ,3354,ura:swim:1,ura
spit,Erzya,ɕeʎgems,3255,ura:spit:5,ura
spit,Ingrian,sylkiæ,3255,ura:spit:4,ura
spit,Komi-Permyak,ɕɤlɑvnɯ,3255,ura:spit:1,ura
spit,Komi-Zyrian,ɕɤlɑvnɯ,3255,ura:spit:1,ura
spit,Nganasan,ɕebɕidʲi,3256,ura:spit:3,ura
spit,Selkup,syəsə,3257,ura:spit:2,ura
spit,Udmurt,ɕɑlɑnɯ,3255,ura:spit:1,ura
fly,Erzya,ʎivtʲɑms,2649,ura:fly:5,ura
fly,Ingrian,lentæː,2648,ura:fly:4,ura
fly,Komi-Permyak,lebɑvnɯ,2651,ura:fly:1,ura
fly,Komi-Zyrian,lebɑvnɯ,2651,ura:fly:1,ura
fly,Nganasan,təirɕi,2653,ura:fly:3,ura
fly,Selkup,tiː,2653,ura:fly:2,ura
fly,Udmurt,lobɯnɯ,2651,ura:fly:1,ura
stand,Erzya,ɑʃtʲems_ɕtʲɑdo,46,ura:stand:5,ura
stand,Ingrian,seissæ,3306,ura:stand:4,ura
stand,Komi-Permyak,sulɑvnɯ,3307,ura:stand:1,ura
stand,Komi-Zyrian,sulɑvnɯ,3307,ura:stand:1,ura
stand,Nganasan,nənsɯdʲi,3309,ura:stand:3,ura
stand,Selkup,nɯŋki,3309,ura:stand:2,ura
stand,Udmurt,sɯlɯnɯ,3307,ura:stand:1,ura
walk,Erzya,jɑkɑms,3470,ura:walk:6,ura
walk,Ingrian,kævellæ,3469,ura:walk:2,ura
walk,Komi-Permyak,vetlɤtlɯnɯ,3472,ura:walk:1,ura
walk,Komi-Zyrian,vetlɯnɯ,3472,ura:walk:1,ura
walk,Nganasan,dʲoðyrɕɑ,3476,ura:walk:5,ura
walk,Selkup,qyəl,3477,ura:walk:4,ura
walk,Udmurt,wɑmɯʃtɯnɯ,3473,ura:walk:3,ura
walk,Udmurt,vetlɯnɯ,3472,ura:walk:1,ura
come,Erzya,sɑms,2457,ura:come:4,ura
come,Ingrian,tullɑ,2456,ura:come:3,ura
come,Komi-Permyak,loknɯ,2459,ura:come:1,ura
come,Komi-Zyrian,vonɯ,2458,ura:come:2,ura
come,Komi-Zyrian,loknɯ,2459,ura:come:1,ura
come,Nganasan,tujɕɑ,2456,ura:come:3,ura
come,Selkup,tyː,2456,ura:come:5,ura
come,Udmurt,vuɯnɯ,2458,ura:come:2,ura
come,Udmurt,lɯktɯnɯ,2459,ura:come:1,ura
give,Erzya,mɑksoms,2688,ura:give:4,ura
give,Ingrian,ɑntɑː,2687,ura:give:3,ura
give,Komi-Permyak,ɕetnɯ,2690,ura:give:1,ura
give,Komi-Zyrian,ɕetnɯ,2690,ura:give:1,ura
give,Nganasan,miɕi,2691,ura:give:2,ura
give,Selkup,mi,2691,ura:give:2,ura
give,Udmurt,ɕotɯnɯ,2690,ura:give:1,ura
rub,Erzya,ʧovɑms,3085,ura:rub:8,ura
rub,Erzya,jozɑms,3086,ura:rub:7,ura
rub,Ingrian,ihmɑd̥ɑ,3096,ura:rub:10,ura
rub,Ingrian,heːrojɑ,3084,ura:rub:6,ura
rub,Komi-Permyak,zɯrtnɯ,3087,ura:rub:1,ura
rub,Komi-Permyak,tʲoritnɯ,3095,ura:rub:9,ura
rub,Komi-Permyak,ɲirtnɯ,3088,ura:rub:2,ura
rub,Komi-Zyrian,zɯrɑvnɯ,3087,ura:rub:1,ura
rub,Komi-Zyrian,ɲirɑvnɯ,3088,ura:rub:2,ura
rub,Nganasan,ɲɑkidʲɑ,3099,ura:rub:5,ura
rub,Selkup,pyːqəlʧəkku,3091,ura:rub:4,ura
rub,Udmurt,zɯrɑnɯ,3087,ura:rub:1,ura
rub,Udmurt,posɯnɯ,3089,ura:rub:3,ura
push,Erzya,tulkɑdʲems,3014,ura:push:7,ura
push,Ingrian,lyg̊æd̥æ,3013,ura:push:6,ura
push,Ingrian,toug̊ɑd̥ɑ,3022,ura:push:2,ura
push,Komi-Permyak,tojlɑvnɯ,3012,ura:push:1,ura
push,Komi-Zyrian,tojnɯ,3012,ura:push:1,ura
push,Nganasan,nomədʲɑ,3025,ura:push:5,ura
push,Selkup,noqqo,3021,ura:push:4,ura
push,Udmurt,dongɯnɯ,3016,ura:push:3,ura
wash,Erzya,ʃʎɑms,3491,ura:wash:6,ura
wash,Ingrian,pessæ,3490,ura:wash:2,ura
wash,Komi-Permyak,miɕɕɯnɯ,3492,ura:wash:1,ura
wash,Komi-Zyrian,mɯɕkɯnɯ,3492,ura:wash:1,ura
wash,Nganasan,kələ,3496,ura:wash:5,ura
wash,Nganasan,ɲobusɑ,3494,ura:wash:4,ura
wash,Selkup,muːsəlʧə,3492,ura:wash:3,ura
wash,Udmurt,miɕkɯnɯ,3492,ura:wash:1,ura
wipe,Erzya,nɑrdɑms,3538,ura:wipe:5,ura
wipe,Ingrian,pyːhkiæ,3537,ura:wipe:4,ura
wipe,Komi-Permyak,ʨɯʃkɯnɯ,3540,ura:wipe:1,ura
wipe,Komi-Zyrian,ʨɯʃkɯnɯ,3540,ura:wipe:1,ura
wipe,Nganasan,ɲɑkidʲɑ,3546,ura:wipe:3,ura
wipe,Selkup,muːsə,3544,ura:wipe:2,ura
wipe,Udmurt,ʧuʃɯnɯ,3541,ura:wipe:1,ura
pull,Erzya,uskoms,3006,ura:pull:7,ura
pull,Ingrian,temmɑd̥ɑ,3003,ura:pull:6,ura
pull,Ingrian,vetˑæː,3002,ura:pull:5,ura
pull,Ingrian,tɑssiɑ,3010,ura:pull:2,ura
pull,Komi-Permyak,kɯskɯnɯ,3006,ura:pull:1,ura
pull,Komi-Zyrian,kɯskɯnɯ,3006,ura:pull:1,ura
pull,Nganasan,ɲɑgəbtɯsɯ,3011,ura:pull:4,ura
pull,Selkup,yː,3009,ura:pull:3,ura
pull,Udmurt,kɯskɯnɯ,3006,ura:pull:1,ura
throw,Erzya,jortoms,3424,ura:throw:8,ura
throw,Erzya,kɑjɑms,3425,ura:throw:10,ura
throw,Ingrian,heittæː,3420,ura:throw:7,ura
throw,Komi-Permyak,ʨɑpkɑvnɯ,3436,ura:throw:2,ura
throw,Komi-Permyak,ʃupkɑvnɯ,3421,ura:throw:9,ura
throw,Komi-Zyrian,kojnɯ,3425,ura:throw:1,ura
throw,Komi-Zyrian,ʨɤvtnɯ,3427,ura:throw:2,ura
throw,Nganasan,bɑjbudʲɑ,3422,ura:throw:6,ura
throw,Nganasan,sətəməsɑ,3423,ura:throw:5,ura
throw,Selkup,ʨɑʧʧə,3431,ura:throw:4,ura
throw,Udmurt,kujɑnɯ,3425,ura:throw:1,ura
throw,Udmurt,serpɑʎʎɑnɯ,3433,ura:throw:3,ura
sew,Erzya,stɑms,3150,ura:sew:6,ura
sew,Ingrian,ommellɑ,3149,ura:sew:2,ura
sew,Komi-Permyak,vurnɯ,3151,ura:sew:1,ura
sew,Komi-Zyrian,vurnɯ,3151,ura:sew:1,ura
sew,Nganasan,soʧədʲɑ,3153,ura:sew:5,ura
sew,Nganasan,sonsɯdʲi,3155,ura:sew:4,ura
sew,Selkup,ɕyːttə,3153,ura:sew:3,ura
sew,Udmurt,vurɯnɯ,3151,ura:sew:1,ura
say,Erzya,jovtɑms,3118,ura:say:7,ura
say,Erzya,merʲems,3120,ura:say:6,ura
say,Ingrian,sɑnˑoːɑ,3117,ura:say:9,ura
say,Ingrian,verkkɑː,3129,ura:say:8,ura
say,Komi-Permyak,viɕtɑvnɯ,3122,ura:say:2,ura
say,Komi-Permyak,ʃunɯ,3123,ura:say:1,ura
say,Komi-Zyrian,viɕtɑvnɯ,3122,ura:say:2,ura
say,Komi-Zyrian,ʃunɯ,3123,ura:say:1,ura
say,Nganasan,munsɑ,3121,ura:say:5,ura
say,Selkup,kɤt,3127,ura:say:4,ura
say,Udmurt,ʃuɯnɯ,3123,ura:say:1,ura
say,Udmurt,verɑnɯ,3124,ura:say:3,ura
if,Erzya,butʲi,2799,ura:if:1,ura
if,Ingrian,joz,2797,ura:if:2,ura
if,Komi-Permyak,kɤ,2798,ura:if:1,ura
if,Komi-Zyrian,kɤ,2798,ura:if:1,ura
if,Selkup,qɑtɑ,2801,ura:if:1,ura
if,Udmurt,ke,2798,ura:if:1,ura
at,Erzya,kedʲse,2340,ura:at:2,ura
at,Erzya,peʎe,2343,ura:at:5,ura
at,Ingrian,loːn,2338,ura:at:3,ura
at,Komi-Permyak,sɑjɯn,2348,ura:at:1,ura
at,Komi-Permyak,dɯnɯn,2351,ura:at:1,ura
at,Komi-Zyrian,dorɯn,2341,ura:at:1,ura
at,Komi-Zyrian,ordɯn,2342,ura:at:1,ura
at,Selkup,nɑːnə,2347,ura:at:4,ura
at,Udmurt,dorɯn,2341,ura:at:1,ura
at,Udmurt,urtsɯn,2342,ura:at:1,ura
cloud,Erzya,peʎ,2444,ura:cloud:1,ura
cloud,Erzya,kovol,2445,ura:cloud:6,ura
cloud,Ingrian,pilvi,2444,ura:cloud:1,ura
cloud,Ingrian,tuːtˑsɑ,7,ura:cloud:5,ura
cloud,Komi-Permyak,kɯmɤr,2445,ura:cloud:2,ura
cloud,Komi-Zyrian,kɯmɤr,2445,ura:cloud:2,ura
cloud,Nganasan,ʧiəðu,7,ura:cloud:4,ura
cloud,Selkup,tiːttə,7,ura:cloud:3,ura
cloud,Udmurt,piʎem,2444,ura:cloud:1,ura
one,Erzya,vejke,34,ura:one:5,ura
one,Ingrian,yks,36,ura:one:4,ura
one,Komi-Permyak,ɤtʲik,2971,ura:one:1,ura
one,Komi-Zyrian,ɤtʲi,2971,ura:one:1,ura
one,Nganasan,ŋuʔəiʔ,2972,ura:one:3,ura
one,Selkup,okkər,37,ura:one:2,ura
one,Udmurt,odig,2971,ura:one:1,ura
die,Erzya,kuloms,2476,ura:die:2,ura
die,Ingrian,koːllɑ,2476,ura:die:2,ura
die,Komi-Permyak,kuvnɯ,2476,ura:die:1,ura
die,Komi-Zyrian,kuvnɯ,2476,ura:die:1,ura
die,Nganasan,dʲɑŋgumsɑ,2478,ura:die:5,ura
die,Nganasan,kuədʲɑ,2476,ura:die:4,ura
die,Selkup,quː,2476,ura:die:3,ura
die,Udmurt,kulɯnɯ,2476,ura:die:1,ura
two,Erzya,kɑvto,3463,ura:two:3,ura
two,Ingrian,kɑks,3463,ura:two:1,ura
two,Komi-Permyak,kɯk,3463,ura:two:1,ura
two,Komi-Zyrian,kɯk,3463,ura:two:1,ura
two,Nganasan,ɕiti,3463,ura:two:2,ura
two,Selkup,ɕitə,3463,ura:two:2,ura
two,Udmurt,kɯk,3463,ura:two:1,ura
four,Erzya,ɲiʎe,2673,ura:four:1,ura
four,Ingrian,neljæ,2673,ura:four:1,ura
four,Komi-Permyak,ɲoʎ,2673,ura:four:1,ura
four,Komi-Zyrian,ɲoʎ,2673,ura:four:1,ura
four,Nganasan,ʧətə,2674,ura:four:2,ura
four,Selkup,teːttə,2674,ura:four:2,ura
four,Udmurt,ɲɯʎ,2673,ura:four:1,ura
think,Erzya,dumɑms,3411,ura:think:7,ura
think,Erzya,ɑrʲɕems,3404,ura:think:6,ura
think,Ingrian,meinɑd̥ɑ,3408,ura:think:8,ura
think,Komi-Permyak,dumɑjtnɯ,3411,ura:think:1,ura
think,Komi-Zyrian,mɤvnɑvnɯ,3403,ura:think:5,ura
think,Komi-Zyrian,dumɑjtnɯ,3411,ura:think:1,ura
think,Nganasan,sɯɲəruədʲi,3412,ura:think:4,ura
think,Selkup,tenirpi,3407,ura:think:3,ura
think,Udmurt,mɑlpɑnɯ,3403,ura:think:2,ura
red,Erzya,jɑkstʲerʲe,3034,ura:red:5,ura
red,Ingrian,punˑɑin,3033,ura:red:4,ura
red,Komi-Permyak,gɤrd,3035,ura:red:1,ura
red,Komi-Zyrian,gɤrd,3035,ura:red:1,ura
red,Nganasan,dʲɑbɑkuo,3040,ura:red:3,ura
red,Selkup,ɲɑːrqə,3038,ura:red:2,ura
red,Udmurt,gord,3035,ura:red:1,ura
swell,Erzya,tɑrgoʑems,3343,ura:swell:7,ura
swell,Ingrian,pɑisuɑ,3341,ura:swell:2,ura
swell,Komi-Permyak,poʎdɯnɯ,3352,ura:swell:1,ura
swell,Komi-Zyrian,pɯktɯnɯ,3345,ura:swell:1,ura
swell,Komi-Zyrian,dundɯnɯ,3346,ura:swell:6,ura
swell,Nganasan,hoɲydʲi,3353,ura:swell:5,ura
swell,Selkup,ʧɑŋku,3350,ura:swell:4,ura
swell,Udmurt,pɯktɯnɯ,3345,ura:swell:1,ura
swell,Udmurt,tɤrnɑnɯ,3347,ura:swell:3,ura
float,Erzya,ukʃnoms,2619,ura:float:7,ura
float,Komi-Permyak,ujjɯnɯ,2624,ura:float:6,ura
float,Komi-Zyrian,ʃlɯvgɯnɯ,2617,ura:float:5,ura
float,Nganasan,dʲɑmbiɕɑ,2626,ura:float:4,ura
float,Nganasan,kudʲusɑ,2627,ura:float:3,ura
float,Selkup,quːrə,2623,ura:float:2,ura
float,Udmurt,lejkɑnɯ,2620,ura:float:1,ura
and,Erzya,i,2303,ura:and:1,ura
and,Erzya,di,2312,ura:and:1,ura
and,Ingrian,jɑ,2309,ura:and:1,ura
and,Ingrian,i,2303,ura:and:1,ura
and,Ingrian,tɑ,2312,ura:and:1,ura
and,Komi-Permyak,i,2303,ura:and:1,ura
and,Komi-Permyak,dɑ,2312,ura:and:1,ura
and,Komi-Zyrian,i,2303,ura:and:1,ura
and,Komi-Zyrian,dɑ,2312,ura:and:1,ura
and,Selkup,ɑj,2309,ura:and:1,ura
and,Udmurt,i,2303,ura:and:1,ura
and,Udmurt,dɑ,2312,ura:and:1,ura
sleep,Erzya,udoms,3196,ura:sleep:6,ura
sleep,Ingrian,nukkuɑ,3194,ura:sleep:5,ura
sleep,Ingrian,mɑmmɑd̥ɑ,3195,ura:sleep:2,ura
sleep,Komi-Permyak,uʑnɯ,3198,ura:sleep:1,ura
sleep,Komi-Zyrian,uʑnɯ,3198,ura:sleep:1,ura
sleep,Nganasan,kunduɑsɑ,3200,ura:sleep:4,ura
sleep,Selkup,qonti,3200,ura:sleep:3,ura
sleep,Udmurt,iʑɯnɯ,3198,ura:sleep:1,ura
smell,Erzya,ɲikɕems,3214,ura:smell:5,ura
smell,Komi-Permyak,zɯnɑvni,3215,ura:smell:1,ura
smell,Komi-Zyrian,isɑvnɯ,44,ura:smell:4,ura
smell,Nganasan,ʧinydʲɑ,3216,ura:smell:3,ura
smell,Selkup,ɑptæptə,3213,ura:smell:2,ura
smell,Udmurt,zɯnjɑnɯ,3215,ura:smell:1,ura
turn,Erzya,purdɑms,3455,ura:turn:7,ura
turn,Erzya,veʎɑvtoms,3459,ura:turn:6,ura
turn,Ingrian,kæːntyæ,3453,ura:turn:8,ura
turn,Komi-Permyak,bergɤtʨɯnɯ,3457,ura:turn:1,ura
turn,Komi-Zyrian,bergɑvnɯ,3457,ura:turn:1,ura
turn,Komi-Zyrian,keʒnɯ,3458,ura:turn:5,ura
turn,Nganasan,bəbtuɑʔtəsɑ,3462,ura:turn:4,ura
turn,Selkup,piːkəl,3461,ura:turn:3,ura
turn,Udmurt,berɯktiɕkɯnɯ,3457,ura:turn:2,ura
black,Erzya,rɑuʒo,2405,ura:black:5,ura
black,Ingrian,mustɑ,2404,ura:black:4,ura
black,Komi-Permyak,ɕɤd,2407,ura:black:1,ura
black,Komi-Zyrian,ɕɤd,2407,ura:black:1,ura
black,Nganasan,tusɑjkɑʔɑ,2410,ura:black:3,ura
black,Selkup,sæːqə,2409,ura:black:2,ura
black,Udmurt,ɕɤd,2407,ura:black:1,ura
short,Erzya,nurʲkɑ,3158,ura:short:7,ura
short,Ingrian,lyhyd̥,3156,ura:short:6,ura
short,Ingrian,mɑd̥ɑlɑin,3165,ura:short:2,ura
short,Komi-Permyak,ʤeɲɯt,3160,ura:short:1,ura
short,Komi-Zyrian,ʤeɲɯd,3160,ura:short:1,ura
short,Nganasan,kəːʎuky,3164,ura:short:5,ura
short,Selkup,qɑːmə,3164,ura:short:4,ura
short,Udmurt,vɑkʨi,3161,ura:short:3,ura
sky,Erzya,meɲeʎ,3188,ura:sky:5,ura
sky,Ingrian,tɑivɑz,3186,ura:sky:6,ura
sky,Komi-Permyak,jenɤʒ,3187,ura:sky:1,ura
sky,Komi-Zyrian,jeneʒ,3187,ura:sky:1,ura
sky,Nganasan,ŋuə,3193,ura:sky:4,ura
sky,Selkup,nom,3190,ura:sky:3,ura
sky,Udmurt,in,3187,ura:sky:2,ura
blow,Erzya,puvɑms,5,ura:blow:5,ura
blow,Ingrian,puhɑd̥ɑ,5,ura:blow:2,ura
blow,Komi-Permyak,pɤʎtnɯ,5,ura:blow:1,ura
blow,Komi-Zyrian,pɤʎɑlnɯ,5,ura:blow:1,ura
blow,Nganasan,hyələsɑ,4,ura:blow:4,ura
blow,Selkup,puː,5,ura:blow:3,ura
blow,Udmurt,peʎtɯnɯ,5,ura:blow:1,ura
blow,Udmurt,tɤlɑnɯ,2417,ura:blow:1,ura
tie,Erzya,sodoms,3437,ura:tie:5,ura
tie,Ingrian,sitˑoːɑ,3437,ura:tie:4,ura
tie,Komi-Permyak,kɤrtɑvnɯ,3439,ura:tie:1,ura
tie,Komi-Zyrian,kɤrtɑvnɯ,3439,ura:tie:1,ura
tie,Nganasan,sɑrədʲɑ,3443,ura:tie:2,ura
tie,Selkup,sɑːrə,3443,ura:tie:2,ura
tie,Udmurt,dumɯnɯ,3440,ura:tie:3,ura
tie,Udmurt,kerttɯnɯ,3439,ura:tie:1,ura
there,Erzya,toso,3372,ura:there:3,ura
there,Erzya,ɕese,3373,ura:there:2,ura
there,Ingrian,toːɑl,3372,ura:there:3,ura
there,Komi-Permyak,setɤn,3373,ura:there:1,ura
there,Komi-Zyrian,sen,3373,ura:there:2,ura
there,Komi-Zyrian,estɤn,49,ura:there:1,ura
there,Nganasan,əməɲi,3374,ura:there:4,ura
there,Nganasan,təni,3372,ura:there:1,ura
there,Selkup,toːntə,3372,ura:there:1,ura
there,Udmurt,otɯn,3375,ura:there:1,ura
near,Erzya,mɑlɑso,2937,ura:near:6,ura
near,Ingrian,lig̊i,2936,ura:near:2,ura
near,Komi-Permyak,mɑtɯn,2938,ura:near:1,ura
near,Komi-Zyrian,mɑtɯn,2938,ura:near:1,ura
near,Nganasan,kɑdʲɑ,2945,ura:near:5,ura
near,Nganasan,nogɑʔʎuky,2946,ura:near:4,ura
near,Selkup,ʧɑʧæ,2942,ura:near:3,ura
near,Udmurt,mɑtɯn,2938,ura:near:1,ura
other,Erzya,ombo,2975,ura:other:1,ura
other,Erzya,ʎijɑ,2980,ura:other:5,ura
other,Ingrian,toin,2973,ura:other:4,ura
other,Komi-Permyak,mɤd,2974,ura:other:1,ura
other,Komi-Zyrian,mɤd,2974,ura:other:1,ura
other,Nganasan,hunsəː,2979,ura:other:3,ura
other,Nganasan,ŋɑmiɑj,2978,ura:other:2,ura
other,Selkup,ɑːmə,2978,ura:other:1,ura
other,Udmurt,muket,2974,ura:other:1,ura
dust,Erzya,puʎ,2536,ura:dust:1,ura
dust,Erzya,ʧeʎke,2531,ura:dust:5,ura
dust,Ingrian,pølly,2527,ura:dust:1,ura
dust,Komi-Permyak,bus,2530,ura:dust:1,ura
dust,Komi-Zyrian,bus,2530,ura:dust:1,ura
dust,Nganasan,dʲɑŋ,12,ura:dust:2,ura
dust,Nganasan,ʎiʎə,2537,ura:dust:3,ura
dust,Selkup,punɑ,2534,ura:dust:1,ura
dust,Udmurt,tuzon,2535,ura:dust:4,ura
flow,Erzya,ʧudʲems,2630,ura:flow:4,ura
flow,Ingrian,virrɑd̥ɑ,21,ura:flow:5,ura
flow,Komi-Permyak,vizɯvtnɯ,21,ura:flow:1,ura
flow,Komi-Zyrian,vizuvtnɯ,21,ura:flow:1,ura
flow,Nganasan,luɑʔtusɑ,2638,ura:flow:3,ura
flow,Selkup,kŋ,2636,ura:flow:2,ura
flow,Udmurt,vijɑnɯ,21,ura:flow:1,ura
flow,Udmurt,bɯʑɯnɯ,21,ura:flow:1,ura
dog,Erzya,piɲe,11,ura:dog:1,ura
dog,Erzya,kiskɑ,2507,ura:dog:4,ura
dog,Ingrian,koirɑ,2505,ura:dog:3,ura
dog,Komi-Permyak,pon,11,ura:dog:1,ura
dog,Komi-Zyrian,pon,11,ura:dog:1,ura
dog,Nganasan,bɑŋ,11,ura:dog:1,ura
dog,Selkup,kɤnɑŋ,2509,ura:dog:2,ura
dog,Udmurt,punɯ,11,ura:dog:1,ura
burn,Erzya,pɑloms,2436,ura:burn:2,ura
burn,Ingrian,pɑlˑɑː,2436,ura:burn:2,ura
burn,Komi-Permyak,soʨʨɯnɯ,2440,ura:burn:1,ura
burn,Komi-Zyrian,lomɑvnɯ,2438,ura:burn:4,ura
burn,Komi-Zyrian,sotʲʨɯnɯ,2440,ura:burn:1,ura
burn,Selkup,ɑm,2443,ura:burn:3,ura
burn,Udmurt,ʤuɑnɯ,2440,ura:burn:1,ura
lie down,Erzya,mɑdʲeʑ_ɑʃtʲems,2852,ura:lie down:4,ura
lie down,Komi-Permyak,kujlɯnɯ,2853,ura:lie down:1,ura
lie down,Komi-Zyrian,kujlɯnɯ,2853,ura:lie down:1,ura
lie down,Nganasan,toɲdʲiɑjʧisɯ,2857,ura:lie down:3,ura
lie down,Selkup,ippi,2855,ura:lie down:2,ura
lie down,Udmurt,kɯʎʎɯnɯ,2853,ura:lie down:1,ura
fire,Erzya,tol,2608,ura:fire:1,ura
fire,Ingrian,tuli,2608,ura:fire:1,ura
fire,Komi-Permyak,bi,2609,ura:fire:2,ura
fire,Komi-Zyrian,bi,2609,ura:fire:2,ura
fire,Nganasan,tuj,2608,ura:fire:1,ura
fire,Selkup,tyː,2608,ura:fire:1,ura
fire,Udmurt,tɯl,2608,ura:fire:1,ura
fish,Erzya,kɑl,2613,ura:fish:1,ura
fish,Ingrian,kɑlɑ,2613,ura:fish:1,ura
fish,Komi-Permyak,ʨeri,2614,ura:fish:2,ura
fish,Komi-Zyrian,ʨeri,2614,ura:fish:2,ura
fish,Nganasan,kolɯ,2613,ura:fish:1,ura
fish,Selkup,quə̠lə,2613,ura:fish:1,ura
fish,Udmurt,ʨorɯg,2614,ura:fish:2,ura
thin,Erzya,ʧovɑ,3392,ura:thin:5,ura
thin,Ingrian,hoikkɑ,3390,ura:thin:7,ura
thin,Ingrian,heːno,3399,ura:thin:6,ura
thin,Komi-Permyak,vɤsɲid,3394,ura:thin:2,ura
thin,Komi-Zyrian,vesɲɯd,3394,ura:thin:2,ura
thin,Nganasan,ɲeu,3402,ura:thin:4,ura
thin,Nganasan,dʲobtəgəː,3398,ura:thin:1,ura
thin,Selkup,ʨoːptə,3398,ura:thin:1,ura
thin,Udmurt,vekʨi,3395,ura:thin:3,ura
live,Erzya,erʲɑms,2860,ura:live:3,ura
live,Ingrian,elˑæː,2858,ura:live:2,ura
live,Komi-Permyak,ovnɯ,31,ura:live:1,ura
live,Komi-Zyrian,ovnɯ,31,ura:live:1,ura
live,Nganasan,ɲilɯdʲi,2858,ura:live:5,ura
live,Selkup,ilə,2858,ura:live:2,ura
live,Udmurt,ulɯnɯ,2858,ura:live:4,ura
woods,Erzya,virʲ,3549,ura:woods:1,ura
woods,Ingrian,metˑsæ,3547,ura:woods:2,ura
woods,Komi-Permyak,vɤr,3551,ura:woods:1,ura
woods,Komi-Zyrian,vɤr,3551,ura:woods:1,ura
woods,Nganasan,muŋku,3555,ura:woods:5,ura
woods,Selkup,mɑʨə,3554,ura:woods:2,ura
woods,Udmurt,ɲules,3552,ura:woods:4,ura
woods,Udmurt,ɕik,3553,ura:woods:3,ura
flower,Erzya,ʨeʨɑ,2640,ura:flower:7,ura
flower,Erzya,ʦvet,2646,ura:flower:6,ura
flower,Ingrian,kukkɑ,2639,ura:flower:2,ura
flower,Komi-Permyak,ʥoriʥ,2644,ura:flower:1,ura
flower,Komi-Zyrian,ʥoriʥ,2644,ura:flower:1,ura
flower,Nganasan,lukuðiɑj,22,ura:flower:5,ura
flower,Selkup,sɯrkə,2642,ura:flower:4,ura
flower,Udmurt,ɕɑɕkɑ,2647,ura:flower:3,ura
small,Erzya,viʃkɑ,3202,ura:small:7,ura
small,Ingrian,peːn,3201,ura:small:8,ura
small,Komi-Permyak,uʨɤt,3204,ura:small:1,ura
small,Komi-Zyrian,iʨɤt,3204,ura:small:1,ura
small,Komi-Zyrian,posɲɯd,3205,ura:small:6,ura
small,Nganasan,hiɲiə,3211,ura:small:5,ura
small,Nganasan,ɕiəʔlɑku,3212,ura:small:4,ura
small,Selkup,kɯpɑ,3210,ura:small:3,ura
small,Udmurt,piʨi,3205,ura:small:2,ura
fog,Erzya,suv,2663,ura:fog:1,ura
fog,Erzya,tumɑn,23,ura:fog:1,ura
fog,Ingrian,sumu,2654,ura:fog:1,ura
fog,Ingrian,ud̥u,2655,ura:fog:2,ura
fog,Ingrian,tomɑkkɑ,23,ura:fog:1,ura
fog,Komi-Permyak,tumɑn,23,ura:fog:1,ura
fog,Komi-Zyrian,ru,2657,ura:fog:2,ura
fog,Nganasan,kəku,2664,ura:fog:5,ura
fog,Selkup,ʨɑptu,2660,ura:fog:4,ura
fog,Udmurt,bus,2658,ura:fog:3,ura
three,Erzya,kolmo,3418,ura:three:4,ura
three,Ingrian,kold̥,3418,ura:three:3,ura
three,Komi-Permyak,kujim,3418,ura:three:1,ura
three,Komi-Zyrian,kujim,3418,ura:three:1,ura
three,Nganasan,nɑgyr,3419,ura:three:2,ura
three,Selkup,nɑːkur,3419,ura:three:2,ura
three,Udmurt,kuiɲ,3418,ura:three:1,ura
five,Erzya,vetʲe,2615,ura:five:1,ura
five,Ingrian,viːz,2615,ura:five:1,ura
five,Komi-Permyak,vit,2615,ura:five:1,ura
five,Komi-Zyrian,vit,2615,ura:five:1,ura
five,Nganasan,səŋhəʎɑŋkə,2616,ura:five:2,ura
five,Selkup,sompəlɑŋqə,2616,ura:five:2,ura
five,Udmurt,vitʲ,2615,ura:five:1,ura
grass,Erzya,tʲikʃe,2702,ura:grass:4,ura
grass,Ingrian,roho,2707,ura:grass:3,ura
grass,Komi-Permyak,turun,2704,ura:grass:1,ura
grass,Komi-Zyrian,turun,2704,ura:grass:1,ura
grass,Nganasan,ɲotə,2706,ura:grass:2,ura
grass,Selkup,ɲuːʧə,2706,ura:grass:2,ura
grass,Udmurt,turɯn,2704,ura:grass:1,ura
ice,Erzya,ej,2794,ura:ice:1,ura
ice,Ingrian,jæː,2794,ura:ice:1,ura
ice,Komi-Permyak,jɯ,2794,ura:ice:1,ura
ice,Komi-Zyrian,jɯ,2794,ura:ice:1,ura
ice,Nganasan,sɯr,2796,ura:ice:2,ura
ice,Selkup,uːlqo,2795,ura:ice:2,ura
ice,Udmurt,jɤ,2794,ura:ice:1,ura
animal,Erzya,ʑverʲ,1,ura:animal:1,ura
animal,Erzya,rɑkʃɑ,2321,ura:animal:7,ura
animal,Ingrian,elog̊ɑz,2317,ura:animal:6,ura
animal,Komi-Permyak,vɤrpi,2326,ura:animal:1,ura
animal,Komi-Zyrian,zvʲer,1,ura:animal:1,ura
animal,Komi-Zyrian,pemɤs,2324,ura:animal:5,ura
animal,Nganasan,dʲɑməðə,2328,ura:animal:4,ura
animal,Selkup,suːrəm,2323,ura:animal:3,ura
animal,Udmurt,pɤjʃur,2325,ura:animal:2,ura
lake,Erzya,erʲke,29,ura:lake:1,ura
lake,Ingrian,jærvi,2823,ura:lake:2,ura
lake,Komi-Permyak,tɯ,2824,ura:lake:1,ura
lake,Komi-Zyrian,tɯ,2824,ura:lake:1,ura
lake,Nganasan,turku,2824,ura:lake:1,ura
lake,Selkup,toː,2824,ura:lake:1,ura
lake,Udmurt,tɯ,2824,ura:lake:1,ura
leaf,Erzya,lopɑ,2836,ura:leaf:3,ura
leaf,Ingrian,lehti,2835,ura:leaf:2,ura
leaf,Komi-Permyak,kor,2838,ura:leaf:1,ura
leaf,Komi-Zyrian,ʎis,2837,ura:leaf:2,ura
leaf,Komi-Zyrian,kor,2838,ura:leaf:1,ura
leaf,Nganasan,horɑðiɑj,2841,ura:leaf:4,ura
leaf,Selkup,ʨɑːpə,2840,ura:leaf:3,ura
leaf,Udmurt,kuɑr,2838,ura:leaf:1,ura
meat (flesh),Erzya,siveʎ,2882,ura:meat (flesh):2,ura
meat (flesh),Ingrian,lihɑ,2881,ura:meat (flesh):5,ura
meat (flesh),Komi-Permyak,jɑi,2884,ura:meat (flesh):1,ura
meat (flesh),Komi-Zyrian,jɑi,2884,ura:meat (flesh):1,ura
meat (flesh),Nganasan,ɕɑhɯ,2888,ura:meat (flesh):4,ura
meat (flesh),Selkup,uə̠ʨə,2887,ura:meat (flesh):3,ura
meat (flesh),Udmurt,siʎ,2882,ura:meat (flesh):2,ura
mountain,Erzya,pɑndo,2905,ura:mountain:5,ura
mountain,Komi-Permyak,kerɤs,2912,ura:mountain:1,ura
mountain,Komi-Zyrian,ʨoj,2907,ura:mountain:4,ura
mountain,Nganasan,bəru,2914,ura:mountain:3,ura
mountain,Selkup,qɤː,2912,ura:mountain:2,ura
mountain,Udmurt,gureʑ,2912,ura:mountain:1,ura
ashes,Erzya,kulov,2336,ura:ashes:5,ura
ashes,Ingrian,poro,2330,ura:ashes:6,ura
ashes,Komi-Permyak,pɤjim,2333,ura:ashes:1,ura
ashes,Komi-Zyrian,pɤjim,2333,ura:ashes:1,ura
ashes,Nganasan,tuː_dʲoəʔ,2337,ura:ashes:4,ura
ashes,Selkup,ɕiːmə,2335,ura:ashes:3,ura
ashes,Udmurt,peɲ,2333,ura:ashes:2,ura
rain,Erzya,piʑems,3028,ura:rain:2,ura
rain,Ingrian,sɑe,3026,ura:rain:3,ura
rain,Ingrian,vihmɑ,3027,ura:rain:4,ura
rain,Komi-Permyak,zer,3030,ura:rain:1,ura
rain,Komi-Zyrian,zer,3030,ura:rain:1,ura
rain,Nganasan,soruɑ,3026,ura:rain:1,ura
rain,Selkup,sorənʧæ,3026,ura:rain:1,ura
rain,Udmurt,zor,3030,ura:rain:1,ura
river,Erzya,ʎej,3042,ura:river:2,ura
river,Ingrian,jog̊i,3041,ura:river:1,ura
river,Komi-Permyak,ju,3041,ura:river:1,ura
river,Komi-Zyrian,ju,3041,ura:river:1,ura
river,Nganasan,ɲemɯʔɯɑ,3047,ura:river:7,ura
river,Nganasan,bigɑj,3048,ura:river:6,ura
river,Selkup,kɯ,3045,ura:river:5,ura
river,Selkup,qoləttu,3046,ura:river:4,ura
river,Udmurt,ʃur,3044,ura:river:3,ura
road,Erzya,ki,3050,ura:road:3,ura
road,Ingrian,teː,3049,ura:road:1,ura
road,Komi-Permyak,tuj,3049,ura:road:1,ura
road,Komi-Zyrian,tuj,3049,ura:road:1,ura
road,Nganasan,ŋutɑ,3053,ura:road:1,ura
road,Nganasan,sərəː,3055,ura:road:2,ura
road,Selkup,uə̠ttə,3053,ura:road:1,ura
road,Udmurt,ɕures,3052,ura:road:2,ura
root,Erzya,jur,3056,ura:root:2,ura
root,Erzya,undoks,38,ura:root:5,ura
root,Erzya,korʲon,3058,ura:root:6,ura
root,Ingrian,juːri,3056,ura:root:2,ura
root,Komi-Permyak,vuʒ,3057,ura:root:1,ura
root,Komi-Zyrian,vuʒ,3057,ura:root:1,ura
root,Nganasan,bəntu,39,ura:root:4,ura
root,Selkup,konʧə,40,ura:root:3,ura
root,Udmurt,vɯʒɯ,3057,ura:root:1,ura
sand,Erzya,pesok,43,ura:sand:2,ura
sand,Ingrian,liːvɑ,3107,ura:sand:1,ura
sand,Komi-Permyak,pesɤk,43,ura:sand:2,ura
sand,Komi-Zyrian,lɯɑ,3116,ura:sand:1,ura
sand,Nganasan,dʲuː,3115,ura:sand:1,ura
sand,Selkup,koːrɑ,3113,ura:sand:3,ura
sand,Udmurt,luo,3116,ura:sand:1,ura
mouth,Erzya,kurgo,2916,ura:mouth:3,ura
mouth,Ingrian,suː,2915,ura:mouth:2,ura
mouth,Komi-Permyak,ɤm,2918,ura:mouth:1,ura
mouth,Komi-Zyrian,vom,2918,ura:mouth:1,ura
mouth,Nganasan,ŋɑŋ,2918,ura:mouth:1,ura
mouth,Selkup,ɑːŋ,2918,ura:mouth:1,ura
mouth,Udmurt,ɯm,2918,ura:mouth:1,ura
"person, human",Erzya,lomɑɲ,2984,"ura:person, human:8",ura
"person, human",Ingrian,ihmiːn,2982,"ura:person, human:7",ura
"person, human",Ingrian,henki,2983,"ura:person, human:6",ura
"person, human",Ingrian,elˑæːjæ,2992,"ura:person, human:5",ura
"person, human",Komi-Permyak,mort,2987,"ura:person, human:1",ura
"person, human",Komi-Zyrian,mort,2987,"ura:person, human:1",ura
"person, human",Nganasan,ŋɑnɑʔsɑ,2991,"ura:person, human:4",ura
"person, human",Selkup,qum,2988,"ura:person, human:3",ura
"person, human",Udmurt,ɑdʲɑmi,2985,"ura:person, human:2",ura
"person, human",Udmurt,murt,2987,"ura:person, human:1",ura
seed,Erzya,vidʲme,3139,ura:seed:4,ura
seed,Ingrian,seːmen,3138,ura:seed:2,ura
seed,Komi-Permyak,tuɕ,3141,ura:seed:1,ura
seed,Komi-Permyak,kɤʥɯs,3142,ura:seed:1,ura
seed,Komi-Zyrian,tuɕ,3141,ura:seed:1,ura
seed,Komi-Zyrian,kɤidɯs,3142,ura:seed:1,ura
seed,Selkup,mummol,3145,ura:seed:3,ura
seed,Udmurt,tɯɕ,3141,ura:seed:1,ura
seed,Udmurt,kidɯs,3142,ura:seed:1,ura
snake,Erzya,guj,3236,ura:snake:1,ura
snake,Erzya,jozne,3238,ura:snake:6,ura
snake,Ingrian,mɑd̥o,3237,ura:snake:5,ura
snake,Ingrian,mɑːhiːn,3241,ura:snake:4,ura
snake,Komi-Permyak,zmej,3242,ura:snake:3,ura
snake,Komi-Zyrian,kɯj,3236,ura:snake:1,ura
snake,Selkup,ɕyː,3236,ura:snake:2,ura
snake,Udmurt,kɯj,3236,ura:snake:1,ura
egg,Erzya,ɑl,2549,ura:egg:1,ura
egg,Ingrian,munɑ,2548,ura:egg:2,ura
egg,Komi-Permyak,koʎtʲ,2550,ura:egg:1,ura
egg,Komi-Zyrian,koʎk,2550,ura:egg:1,ura
egg,Nganasan,mənu,2548,ura:egg:2,ura
egg,Selkup,eŋ,2553,ura:egg:4,ura
egg,Udmurt,puz,2551,ura:egg:3,ura
skin,Erzya,kiɕke,3180,ura:skin:1,ura
skin,Erzya,kedʲ,3184,ura:skin:6,ura
skin,Ingrian,iho,3178,ura:skin:5,ura
skin,Ingrian,hibjæ,3179,ura:skin:4,ura
skin,Ingrian,teːlɑ,3185,ura:skin:3,ura
skin,Komi-Permyak,kuʨik,3182,ura:skin:1,ura
skin,Komi-Zyrian,ku,3182,ura:skin:1,ura
skin,Nganasan,kuhuo,3182,ura:skin:1,ura
skin,Selkup,qopə,3182,ura:skin:2,ura
skin,Udmurt,ku,3182,ura:skin:1,ura
smoke,Erzya,kɑʧɑmo,3218,ura:smoke:5,ura
smoke,Ingrian,sɑvvu,3217,ura:smoke:4,ura
smoke,Komi-Permyak,ʧɯn,3220,ura:smoke:1,ura
smoke,Komi-Zyrian,ʧɯn,3220,ura:smoke:1,ura
smoke,Nganasan,dʲɑkɑgə,3223,ura:smoke:3,ura
smoke,Selkup,purqə,3224,ura:smoke:2,ura
smoke,Udmurt,ʧɯn,3220,ura:smoke:1,ura
that,Erzya,tonɑ,3366,ura:that:1,ura
that,Erzya,ɕe,3367,ura:that:2,ura
that,Ingrian,toː,3366,ura:that:1,ura
that,Komi-Permyak,sijɑ,3367,ura:that:2,ura
that,Komi-Zyrian,tɯ,3366,ura:that:1,ura
that,Komi-Zyrian,sijɤ,3367,ura:that:2,ura
that,Nganasan,təti,3370,ura:that:1,ura
that,Nganasan,tɑːniə,3366,ura:that:1,ura
that,Nganasan,tɑkəː,3371,ura:that:1,ura
that,Selkup,toː,3366,ura:that:1,ura
that,Udmurt,so,3367,ura:that:2,ura
snow,Erzya,lov,3243,ura:snow:1,ura
snow,Ingrian,lumi,3243,ura:snow:1,ura
snow,Komi-Permyak,lɯm,3243,ura:snow:1,ura
snow,Komi-Zyrian,lɯm,3243,ura:snow:1,ura
snow,Nganasan,dʲum,3243,ura:snow:1,ura
snow,Nganasan,ɕiry,3246,ura:snow:2,ura
snow,Selkup,sɯrə,3246,ura:snow:2,ura
snow,Udmurt,lɯmɯ,3243,ura:snow:1,ura
they,Erzya,siɲ,3376,ura:they:3,ura
they,Ingrian,høː,50,ura:they:1,ura
they,Komi-Permyak,nijɑ,3377,ura:they:2,ura
they,Komi-Zyrian,nɑjɤ,3377,ura:they:2,ura
they,Nganasan,sɯtɯŋ,3379,ura:they:3,ura
they,Selkup,tepət,3380,ura:they:4,ura
they,Udmurt,soos,3376,ura:they:1,ura
stone,Erzya,cev,3315,ura:stone:2,ura
stone,Ingrian,kivi,3315,ura:stone:2,ura
stone,Komi-Permyak,iz,3316,ura:stone:1,ura
stone,Komi-Zyrian,iz,3316,ura:stone:1,ura
stone,Nganasan,huɑlə,3318,ura:stone:4,ura
stone,Selkup,pyː,47,ura:stone:3,ura
stone,Udmurt,iz,3316,ura:stone:1,ura
tree,Erzya,ʧuvto,3451,ura:tree:2,ura
tree,Ingrian,puː,3450,ura:tree:1,ura
tree,Komi-Permyak,pu,3450,ura:tree:1,ura
tree,Komi-Zyrian,pu,3450,ura:tree:1,ura
tree,Nganasan,huɑɑ,52,ura:tree:1,ura
tree,Selkup,poː,3450,ura:tree:1,ura
tree,Udmurt,pis#pu,3450,ura:tree:1,ura
bird,Erzya,nɑrmuɲ,2395,ura:bird:9,ura
bird,Ingrian,lind̥u,2394,ura:bird:8,ura
bird,Komi-Permyak,kɑj,2403,ura:bird:7,ura
bird,Komi-Zyrian,kitsɑ,2397,ura:bird:6,ura
bird,Komi-Zyrian,lebɑʨ,2398,ura:bird:5,ura
bird,Nganasan,təibəː,2402,ura:bird:4,ura
bird,Selkup,tilʧəti_suːrəm,2402,ura:bird:3,ura
bird,Selkup,suːrəm,2400,ura:bird:2,ura
bird,Udmurt,tɯloburdo,2401,ura:bird:1,ura
blood,Erzya,verʲ,2411,ura:blood:1,ura
blood,Ingrian,veri,2411,ura:blood:1,ura
blood,Komi-Permyak,vir,2411,ura:blood:1,ura
blood,Komi-Zyrian,vir,2411,ura:blood:1,ura
blood,Nganasan,kɑm,2413,ura:blood:2,ura
blood,Selkup,kɤm,2413,ura:blood:2,ura
blood,Udmurt,vir,2411,ura:blood:1,ura
water,Erzya,vedʲ,3497,ura:water:1,ura
water,Ingrian,vezi,3497,ura:water:1,ura
water,Komi-Permyak,vɑ,3497,ura:water:1,ura
water,Komi-Zyrian,vɑ,3497,ura:water:1,ura
water,Nganasan,bɯʔ,53,ura:water:1,ura
water,Selkup,yt,3497,ura:water:1,ura
water,Udmurt,vu,3497,ura:water:1,ura
all,Erzya,veɕe,2296,ura:all:1,ura
all,Ingrian,kɑi,2294,ura:all:6,ura
all,Komi-Permyak,bɯdɤs,2297,ura:all:2,ura
all,Komi-Zyrian,bɯd,2297,ura:all:2,ura
all,Komi-Zyrian,stɑv,2300,ura:all:5,ura
all,Nganasan,bənsə,2296,ura:all:1,ura
all,Selkup,muntə,2301,ura:all:4,ura
all,Udmurt,vɑɲmɯz,2302,ura:all:3,ura
